abbreviation,japanese,english
Ａ,動脈,Ａｒｔｅｒｒｙ
ＡＡ,再生不良性貧血,Ａｐｌａｓｔｉｃ　（Ａｎａｐｌａｓｔｉｃ）　anemia
AAA,腹部大動脈瘤,Abdominal aortic aneurysm
AAD,環椎軸椎間隙,Atlanto-axial distance
A-aD,肺胞気-動脈血較差,Alveolar-arterial difference
A-aDCO2,肺胞気-動脈血二酸化炭素分圧較差,Alveolar-arterial carbon dioxide tension difference
A-aDO2,肺胞気-動脈血酸素分圧較差,Alveolar-arterial oxygen difference
AAE,自動介助運動,Active assistive exercise
AAF,環軸関節癒合,Atlanto-axial fusion
AAI,環椎軸椎間隙,Atlanto-axial interval
AAJ,環軸関節,Atlanto-axial joimt
AAL,前腋窩線,Anterior axillary line
AART,米国呼吸療法協会,American association for respiratory therapy
AAS,環椎軸椎亜脱臼,Atlantoaxial subluxasion
AAT,α1-アンチトリプシン,α1-Antitrypsin
AB,喘息様気管支炎,Asthmatic bronchitis
A-B,気導骨導(聴力)差,Air-bone(gap)
Ab,抗体,Antibody
ABC,気道、呼吸、循環(蘇生の順序),Airway、breathing、circulation
ABD、Abd,外転,Abduction
abd,腹部、腹部の,abdomen、abdominal
abd X-P,腹部Ⅹ線撮影(法)【アブドミナル　エックス　ピー】,abdominal X-ray photography
ABE,急性細菌性心内膜炎,Acute bacterial endocarditis
ABG,動脈血ガス,Arterial blood gas
ABH,ABH血液型抗原,ABH(blood group antigen)
ABK,アルベカシン,Arbekasin
ABLB,両耳音の大きさバランス検査,Alternate binaural loudness balance(test)
ABMT,自家骨髄移植,Autogous bone marrow transplantation
ABO,ABO式血液型系,ABO(blood type system)
ABP,急性細菌性前立腺炎,Acute bacterial prostatitis
ABPA,アレルギー性気管支・肺アスペルギルス症,Allergic broncho-pulmonary aspergillosis
ABPC,アミノベンジルペニシリン(アンピシリン),Aminobenzylpenicillin(ampicilln)
ABR,聴性脳幹反応,Auditory brainstem response
ABU,無症候性細菌尿,Asymptomatic bacteriuria
AC,交流,Alternating current
A-C,大動脈-冠状動脈バイパス(術),Aorto-coronary(artery bypass)
ac,食前,Ante cibum(ラ)
ACA,前交通動脈,Anterior communicating artery
AC/A,調節性輻輳/調節比,Accommodative convergence/accommodation(ratio)
ACAG,急性閉塞隅角緑内障,Acute closed angle glaucoma
ACBG,大動脈冠状動脈バイパス術,Aortocoronary bypass grafting
ACD,アレルギー性接触皮膚炎,Allergic contact dermatitis
ACDK,後天性嚢胞腎（疾患）,Acquired cystic disease of kidney
ACE,アンジオテンシン変換酵素,Angiotensin converting enzyme
ACEI,アンジオテンシン変換酵素阻害(抑制)薬,Angiotensin converting enzyme inhibitor
ACG,心血管造影(法),Angiocardiography
ACH,副腎皮質ホルモン,Adrenocortical hormone
ACh,アセチルコリン,Acetylcholine
AChA,前脈絡膜動脈,Anterior choroidal artery
AChR、AchR,アセチルコリン受容体,Acetylcholine receptor
AChR ab,抗アセチルコリン受容体抗体,Acetylcholine receptor antibody
ACI,副腎皮質機能不全,Adrenocortical insufficiency
AC-IOL,前房レンズ,Anterior chamber intraocular lens
ACJ,肩鎖関節,Acromioclavicular joint
ACKD,後天性嚢胞腎,Acquired cystic kidney disease
ACL,前十字靭帯,Anterior cruciate ligament
ACLE,急性皮膚ループエリテマトーデス,Acute cutaneous lupus erythematosus
Acomm,前交通動脈【エイコム】,Anterior communicating artery
ACS,前冠状動脈洞,Anterior coronary sinus
ACT,アクチノマシイン,Actinomycin
ACTH,副腎皮質刺激ホルモン【アクス】,Adrenocorticotropic hormone
ACV,アシクロビル【アシクロビル】,Acyclovir
ACVD,アテローム硬化性心血管疾患,Atherosclerotic cardiovascular disease
AD,アトピー性皮膚炎,Atopic dermatitis
AD、Ad,アドレナリン【アドレナリン】,Adrenaline
Ad,入院,Admission
AD-CA、Ad-ca、ad-ca,腺癌,Adenocarcinoma
ADD,環軸歯突起間距離,Atlantodental distance
ADD、Add,内転,Adduction
Add,内転筋,Adductor
add,加えよ、加える,Addatur(ラ)
ADEM,急性散在性脳脊髄炎,Acute disseminated encephalomyelitis
ADEN,急性播種性表皮壊死症,Acute disseminated epidermal necrosis
ADH,抗利尿ホルモン,Antidiuretic hormone
AD-HD,注意欠陥多動障害,Attenntion deficit hyperactivity disorder
ADI,1日摂取許容量,Acceptable daily intake
ADIS,不安障害面接基準,Anxiety disorder interview standard
ADL,日常生活動作,Activities of daily life
Adm,入院【アドミッション】,Admission
ADP,母指内転筋,(musculus)Adductor pollicis(ラ)
ADP-Glc,ADP(アデノシン二リン酸)グルコース,Adenosine diphosphate glucose
ADQ,小指外転筋,(musculus)Abductor digiti quinti(ラ)
ADR,薬物有害反応,Adverse drug reaction
ADS,抗体欠乏症候群,Antibody deficiency syndrome
Ad-St,アダムス・ストークス症候群,Adams-Stokes syndrome
ad us ext,外用,Ad usum externum(ラ)
ad us int,内用,Ad usum internum(ラ)
AE,自動運動,Active exercise
AECD,アレルギー性湿疹状接触皮膚炎,Allergic eczematous contact dermatitis
AED,抗てんかん薬,Antiepileptic drugs
AEDH,急性硬膜外血腫,Acute epidural hematoma
AEG,気脳造影,Air encephalogram
AF,前屈,Anteflexed
A-F,腋窩-大動脈バイパス,Axillary-femoral (bypass)
AF、Af、af,心房細動,Atrial fibrillation
AF、aF,心房粗動,Atrial flutter
AFB,抗酸菌,Acid fast bacillus
AFCI,急性巣状脳虚血,Acute focal cerebral ischemia
AFP,α-胎児蛋白、α-フェトプロテイン,Alpha-fetoprotein
AFR,平均尿流量率,Average flow rate
AFV,羊水量,Amniotic fluid　volume
AG,アニオンギャップ,Anion gap
AG,抗原,Antigen
AGA,アレルギー性肉芽腫性血管炎,allergic granulomatous angiitis
AGB,短胃動脈,Anteriae gastricae breves(ラ)
AGE,急性胃腸炎,Acute gastroenteritis
AGES,左胃大網動脈,Arteria gastroepiploica sinistra(ラ)
AGF,最大屈曲角度,Angle of greatest flexion
AGL,急性顆粒球性白血病,Acute granulocytic leukemia
AGML,急性胃粘膜病変,Acute gastric mucosal
AGN,急性糸球体腎炎,Acute glomerulonephritis
AGS,副腎性器症候群,Adrenogenital syndrome
AGSA,副左胃動脈,Arteria gastrica sinistra accessorius（ラ）
AGT,抗グロブリン試験,Antiglobulin test
AH,急性肝炎,Acute hepatitis
Ah,遠視性乱視,Astigmatismus hypermetropicus
AHA,抗血友病A因子(第Ⅷ因子),Antihemophilic A factor
AHC,急性出血性結膜炎,Acute hemorrhagic conjunctivitis
AHD,後天性心疾患,Acquired heart disease
AHF,抗血友病因子,Antihemophilic factor
AHG,抗血友病グロブリン,Antinemophilic globulin
AHI,乳児(小児)交代性片麻痺,Alternating hemiplegia in infants
AHL,人工心肺,Artificial heart-lung
AHP,急性出血性膵炎,Acute hemorrhagic pancreatitis
AI,人工授精,Artificial insemination
AIA,アスピリン誘発喘息,Aspirin-induced asthma
AICA,前下小脳動脈【アイカ】,Anterior inferior cerebellar artery
AID,急性伝染病,Acute infectious disease
AIDS,後天性免疫不全症候群【エイズ】,Acquired immunodeficiency syndrome
AIF,前方固定,Anterior interbody fusion
AIHA,自己免疫性溶血性貧血,Autoimmune hemolytic anemia
AIMD,異常不随意運動疾患,Abnormal involuntary movement disorder
AIMP,急性免疫(介在)性多発神経炎,Acute immune-mediated polyneuritis
AIN,急性間質性腎炎,Acute interstitial nephritis
AIOD,大動脈腸骨動脈閉塞症,Aortoiliac occlusive disease
AION,前部虚血性視神経症,Anterior ischemic optic neuropathy
AIP,アルドステロン誘導蛋白,Aldosterone-induced protain
AIVR,頻脈性心室調律,Accelerated idioventricular rhythm
AJ,アキレス腱反射,Ankle jerk
AK,人工腎臓,Artificial kidney
AKBR,動脈血中ケトン体比,Arterial ketone body ratio
AL,急性白血病,Acute leukemia
Alb,アルブミン,Albumin
ALI,アルゴンレーザー虹彩切開(術),Argon laser iridotomy
ALL,急性リンパ芽球性白血病,Acute lymphoblastic leukemia
ALP,下垂体前葉,Anterior lobe of pituitary
ALRI,前外方回旋不安定性,Anterolateral rotatory instability
ALS,筋萎縮性側索硬化症,Amyotrophic lateral sclerosis
AM,アメーバ性髄膜脳炎,Amebic meningoencephalitis
Am,近視性乱視,Astigmatismus myopicus
AMC,上腕筋囲,Arm muscle circumference
AME,アメーバ性髄膜脳炎,Amebic meningoencephalitis
AMI,急性心筋梗塞,Acute myocardial infarction
AML,急性骨髄芽球性白血病,Acute myeloblastic leukemia
AMMoL,急性骨髄単球性白血病,Acute myelomonocytic leukemika
AMN,副腎脊髄ニューロパチー,Adrenomyeloneuropathy
Amp,切断,Amputation
AMR,交代運動率,Alternating motion rate
AMRI,前内方回旋不安定性,Anteromedial rotatory instability
AMS,急性高山病,Acute mountain sickness
ANF,心房性ナトリウム利尿因子,Atrial Natriuretic Factor
Angio、angio,血管造影,angiography
ANLL,急性非リンパ性白血病,Acute Non-Lymphocytic Leukemia
ANM,問診,
ANP,心房性ナトリウム利尿ペプチド,Atrial Natriuretic Peptide
ant,前方の,anterior
AO,環椎後頭骨の,Atlanto-Occipital
Ao,大動脈,Aorta
AOC,急性閉塞性胆管炎,Acute Obstructive Cholangitis
AOD,大動脈径,Aorta Diameter
AOF,大動脈内血流量,Aortic Flow
AOG,大動脈造影(法）,Aortography
AoP,大動脈圧,Aortic Pressure
AOSC,急性閉塞性化膿性胆管炎,Acute Obstructive Suppurative Cholangitis
AoV,大動脈弁,Aortic Valve
AP,下垂体前葉,AntePituitaryrior
A-P,前後撮影、腹背撮影,Antero-Posterior(view、projection)
A&P,聴診および打診,Auscultation and Percussion
ap,夕食前,
APA,アルドステロン産生腺腫,Aidosterone Producing Adenoma
APAT,アンドロゲン産生副腎腫瘍,Androgen Producing Adrenal Tumor
APB,心房期外収縮,Atrial Premature Beat
a-PBC,無症候性原発性胆汁性肝硬変,Asymptomatic Primary Biliary Cirrhosis
APBD,膵管胆道合流異常,Anomalous Arrangement of Pancreaticobiliary Ducts
APC,心房期外収縮,Atrial Premature Contraction
APCD、APD,成人型嚢胞腎,Adult Type Polycystic Disease
APD,前後径,Anteroposterior Diameter
APDL,日常生活関連動作,Activities Parallel to Daily Living
APGAR score,アプガースコア,Appearance-Pulse-Grimase-Activity-Respiration score
APH,下垂体前葉ホルモン,Anterior Pituitary Hormone
APH、aph,失語（症）,Aphasia
API,足背動脈収縮期血圧指標,Ankle Pressure Index
APIS,左横隔動脈,
APL,急性前骨髄芽球性白血病,Acute Promyeloblastic Leukemia
APN,急性腎盂腎炎,Acute Pyelonephritis
APO,脳卒中後遺症,
APO、Apo,脳卒中,apoplexy
APP,虫垂切除術,Appendectomy
app、App(e),虫垂、虫垂炎,
AProL,急性前骨髄性白血病,Acute Promyelocytic Leukemia
APS,心房性早期収縮,Atrial Premature Systole
APSD,大動脈肺動脈中隔欠損症,Aorticopulmonary Septal Defect
APSGN,急性連鎖球菌感染後糸球体腎炎,Acute Poststreptococcal Glomerulonephritis
APTT,活性化部分トロンボプラスチン時間,Activated Partial Thromboplastin Time
aq dest,蒸留水,
Aq puri,精製水,
AR,前方切除術,Anterior Resection
ARD,急性呼吸器疾患,Acute Respiratory Disease
ARF,急性呼吸不全,Acute Respiratory Failure
ARM,人工破水,Artifical Rupture of Memnrane
ARN,急性網膜壊死,Acute Retinal Necrosis
ARP,絶対不応期,Absolute Refractory Period
ARPKD,常染色体劣性遺伝型多発性嚢胞腎,Autosomal Recessive Polycystic Kidney Disease
ARS,急性放射線症候群,Acute Radiation Syndrome
art,関節(単数）,Articulation
artt,関節（複数）,
ARVD,不整脈原(源）性右室異形成(症）,Arrhythmogenic Right Ventricular Dysplasia
AS,アストラップ法,Astrup Method
ASC,鎖骨下動脈,
ASC AO、asc Ao,上大静脈,
ASCVD,動脈硬化性心血管疾患,Arteriosclerotic Cardiovascular Disease
ASD,心房中隔欠損(症）,Atrial Septal Defect
ASDH,急性硬膜下血腫,Acute Subdural Hematoma
ASF,脊髄前方固定,Anterior Spinal Fusion
ASH,強直性脊椎骨増殖症,Ankylosing Spinal Hyperostosis
ASHD,アテローム硬化性動脈心疾患,Atherosclerotic Heart Disease
ASI,大動脈弁狭窄兼閉鎖不全症,Aortic Stenoinsufficiency
ASLE,急性全身性エリテマトーデス,Acute Systemic Lupus Erythematosus
ASO,閉塞性動脈硬化症,Arteriosclerosis Obliterans
ASPD,前上膵十二指腸動脈,Anterior Superior Pancreatico-Duodenal Artery
ASR,大動脈弁狭窄兼閉鎖不全症,Aortic Stenosis and Regurgitation
Ast,乱視,Astigmatism
Asth,眼精疲労,Asthenopia
AT,アトロピン,Atropine
A&T,アデノイド切除(術）と扁桃摘出(術),Adenoidectomy and Tonsillectomy
ATD,アルツハイマー型痴呆,Alzheimer-Type Dementia
ATH,腹式子宮全摘(術),Abdominal Total Hysterectomy
ATL,三尖弁前尖,Anterior Tricuspid Leaflet
ATM,急性横断性脊髄症,Acute Transverse Myelopathy
ATN,急性尿細管壊死,Acute Tubular Necrosis
ATP,アデノシン三リン酸,Adenosine Triphosphate
ATPA,前視床穿通動脈,Anterior Thalamoperforating Artery
ATPS,室温、大気圧、水蒸気飽和状態,Ambient Temperature and Pressure、Saturated with watar vapor
Atr、atr,萎縮,Atrophy
ATSD,アルツハイマー型老年痴呆,Alzheimer-Type Senile Demantia
AUL,分類不能の急性リンパ性白血病,Acute Unclassified Leukemia、Acute Undifferentiated leukemia
AV,奇静脈,Azygos Vein
Av,アデノイド、腺様増殖症,Adenoid Vegatation
A-V,動静脈口径比,Arterio-Venous(ratio)
AVA,動静脈吻合,Arteriovenous Anastomosis
AVB、A-VB,房室ブロック,Atrioventricular Block
AVC,心室内変行伝導,Aberrant Ventricular Conduction
AVCD,房室管孔欠損,Atrio-Ventricular Canal Defect
AVD,房室解離,Atrio-Ventricular Dissociation
a-vDo2,混合静脈血酸素含量較差,Arteriovenous Oxygen Content Difference
AVF,動静脈瘻,Arteriovenous Fistula
aVF,左足増高単極肢誘導,Augmented Vector of Left Foot
avg,平均,Average
AVH,急性ウイルス性肝炎,Acute Viral Hepatitis
aVL,左手増高単極肢誘導,Augmented Vector of Left Arm
AVM,動静脈奇形,Arteriovenous Malformation
AVN,房室結節,Atrioventricular Node
AVNRT,房室結節リエントリー性頻拍,Atrioventricular Nodal Reentrant Tachycardia
AVP,大動脈弁形成術,Aortic Valvuloplasty
AVR,大動脈弁置換,Aortic Valve Replacement
aVR,右手増高単極肢誘導,Augmented Vector of Right Arm Atrio-Ventricular Valve
AVV,房室弁,Atrio-Ventricular Valve
Ax,腋窩,
B,血液,Blood
BⅠ,ビルロート第Ⅰ法,Billroth　Type　Ⅰ　Method
BⅡ,ビルロート第Ⅱ法,Billroth　Type　Ⅱ　Method
BA,気管支喘息,Bronchial　Asthma
Ba,バリウム,Barium
BAE,気管支動脈塞栓術,Bronchial　Arterial　Embolization
BAG,気管支動脈造影法,Bronchial　Angiography
BAL,気管支肺胞洗浄,Broncho　Alveolar　Lavage
BALF,気管支肺胞洗浄液,Broncho　Alveolar　Lavage　Fluid
BALT,気管支関連リンパ組織,Bronchus　Assosiated　Lymphoid　Tissue
BAS,バルーン心房中隔裂開術,Bolloon　Atrioseptostmy
BB,緩衝塩基,Buffer　Bace
BBB,脚ブロック,Bunble　Branch　Block
BBO,閉塞性気管支細気管支炎,Bronchobronchiolitis　Obliterans
BBT,基礎体温,Basal　Body　Temperature
BC,骨導,Bone　Condustion
BCC,基底細胞癌,Basal　Cell　Carcinoma
BCD,ブレオマイシン　シクロフォスファミド　ダクチノマイシン併用化学療法,Bleomycin　Cyclophospamide　Dacctiomycin
BCE,基底細胞上皮腫,Basal　Cell　Epithelioma
BCECT,良性小児てんかん,Benign　Chilgfood　Epilepsy　With　Centro-Tenporal　Spike
BCM,体細胞量,Body　Cell　Mass
BCO,血液一酸化炭素,Blood　Crabon　Monoxide
BCO2,血液二酸化炭素,Blood　Crabon　Dioxide
BCU,熱傷集中治療室,Burn　Care　Unit
BCV,二層性キュイラス換気法,
BE,塩基過剰,Base　Excess
BEAM,脳電気活動図,Brain　Electrical　Activity　Map
BEAR,聴性脳幹反応,Brainstem　Evoked　Auditory　Response
BEE,基礎エネルギー消費量,Basic　Energy　Expenditure
BEH,良性頭蓋内圧亢進症,Benign　Essential　Hypertension
BEP,脳誘発電位,Brain-Evoked　Potential
BERA,脳幹電気反応聴力検査,Brainstem　Electic　Response　Audiometry
BET,良性上皮性腫瘍,Benign　Epithelial　Tumor
BF,気管支ファイバースコープ検査,Bronchofiberscopy
BFP（R）,生物学的偽陽性,Biological　False　Positive　（Reaction)
BFS,気管支ファイバースコープ,Bronchofiberscop
BG,気管支造影法,Broncography
BGA,血液ガス分析,Blood　Gas　Analysis
BHL,両側性肺門リンパ節腫脹,Bilateral　Hilar　Lymphadenopathy
BI,頭蓋内陥入,Basilar　Invagination
BID,入院時すでに死亡（死亡入院）,Brought In Dead
bid,1日2回,bis in die(ラ）
big,二段脈,bigeminy
BIH,良性頭蓋内圧亢進症,Benign Intracranial Hypertension
Bil,ビリルビン、胆汁色素,Bilirubin
bilat,両側の、左右の,bilateral(ラ）
BIP,ブレオマイシン、イホスファミド、シスプラチンの併用化学療法,Bleomycin、Ifosfamide、cisplatin(CDDP)
BIPAP、BiPAP,二相性持続気道陽圧呼吸,Biphasic Positive Airway Pressure
BJ、BJP,ベンス・ジョーンズ蛋白,Bence Jones Protein
B&J,骨と関節,Bone and Joint
BK amp,下腿切断,Below Knee amputation
BLN,気管支リンパ節,Bronchinal Lynph Node
BLS,一次救命処置,Basic Life Support
BM,基礎代謝,Basal Metabolism
BMI,身長体重指数,Body Mass Index
BMM,骨髄転移,Bone Marrow Metastasis
BMR,基礎代謝率,Basal Metabolic Rate
BMT,骨髄移植,Bone Marrow Transplantation
BNB,血液神経関門,Blood-Nerve Barrier
BNC、BnC,膀胱頸部硬化症,Bladder Neck Contracture
BO,閉塞性細気管支炎,Bronchiolitis Obliterans
BOA,聴性行動反応聴力検査,Behavioral Observation Audiometry
BOAI,バルーン閉塞下動注法,Balloon Occluded Arterial Infusion
BOHA,バルーン閉塞下肝動脈造影(法）,Balloon Occluded Hepatic Arteriography
BOMP,ブレオマイシン、ビンクリスチン（オンコビン）、マイトマイシンＣ、シスプラチンの併用化学療法,Bleomycin、Vincristine(Oncovin)、Mitomycin C、Cisplatin(CDDP)
BOPA,肺血管造影(法）,Balloon Occlusive Pulmonary Angiography
BP,双極性障害、躁うつ病,Bipolar Disorder
BP、Bp,血圧,Blood Pressure
BP、bp,沸点,Boiling Point
BPAG,百日咳凝集反応,Bordetella Pertussis Agglutination
BPD,境界型人格障害,Boederline Personality Disorder
BPH,前立腺肥大症,Benign Prostatic Hypertrophy(hyperplasia)
BPI,上腕神経叢損傷,Brachial Plexus Injury
bpm,1分間の心拍数,beats per minute
BPT,気管支誘発試験,Bronchial Provocation Test
BR,換気予備量,Breathing Reserve
bra(dy),徐脈,bradycardia
BRVO,網膜静脈分岐閉塞症,Branch Retinal Vein Occlusion
BS,血糖,Blood Sugar
BSA,体表面積,Body Surface Area
BSA,乳房自己検査(法）,Breast Self Examination
BSMA,球脊髄性筋萎縮症,Bulbo-Spinal Muscular Atrophy
BSN,看護学士(号）,Bachelor of Science in Nursing
BSR,赤血球沈降速度,Blood Sedimentation Rate
BT,行動療法,Behavioral Therapy
B-T,右鎖骨下動脈-肺動脈吻合術、ブロラック・タウシグシャント,Blalock-Taussig(shunt)
BTF,輸血,Blood Transfusion
BTPS,体温、大気圧、水蒸気飽和状態(肺活量測定時条件）,Body Temperature and Ambient Pressure、Saturated with watervapor
BTS,徐脈頻脈症候群,Bradycardia Tachycardia Syndrome
BV,血管,Blood Vessel
BVH,両室肥大,Biventricular Hypertrophy
BVRV,両大血管右室起始症,Both Great Vessels from Right Ventricle
Bx,生検,Biopsy
C,胃上１/３　部の記号,
C1～７,第１～７頚椎,Cervical　Vertebra
Ⅷ：C,第Ⅷ因子凝固活性,Factor　Ⅷ　Coagulant　Activity
CA,腹腔動脈,Celiac　Artery
CAB,冠動脈バイパス,Coronary　Artery　Bypass　Graftng
CABG,冠状動脈バイパス術,Coronary　Artery　Bypass　Graftng
CaCO2,動脈血二酸化炭素含量,Arterial　Carbon　Dioxide　Content
CAD,冠状動脈疾患,Coronary　Artery　Disease
CAF,シクロフォスファミド　ドキソルビシン　フルオロウラシル併用化学療法,Cyclophosphamide　Doxorubicin（Adriacin)　Fluorouracil
CAG,冠状動脈造影法,Coronary　Angiography
Cal,カロリー,Calorie
CAO,慢性気流閉塞,Chronic　Airflow　Obstruction
CaO2,動脈血酸素濃度,Arterial　Oxygen　Concentration
CAP,中心動脈圧,Central　Arterial　Pressure
CaP,前立腺癌,Carcinoma　Of　The　Prostate
Cap,カプセル,Capsule
CAPD,持続性自己管理腹膜透析,Continuous　Ambulatory　Pertioneal　Dialysis
Car、Carot,頚動脈波,Caroｔid　Pulse　Wave
Cat,白内障,Cataract
CAV,シクロフォスファミド　アクラルビシン　ビンデシン併用化学療法,Cyclophosphamide　Aclabicin　Vindesine
CAVH,持続的動静脈血液濾過,Continuous　Arterio-Venous　Hemofiltration
CB,慢性気管支炎,Chronic　Bronchitis
CBA,先天性胆道閉鎖症,Congenital　Biliary　Atresia
CBC,全血液計算,Complete　Blood　Count
CBCL,皮膚B細胞性リンパ腫,Cutaneous　B-Cell　Lymphoma
CBD,先天性胆道拡張症,Congenital　Biliary　Dilatation
CBDC,小児慢性水疱症,Chronic　Bullous　Dermatosis　Of　Childfood
CBF,冠血流量,Coronary　Blood　Flow
CBL,臍帯血リンパ球,Cord　Blood　Lymphocyte
CBP,慢性細菌性前立腺炎,Choｒnic　Bacterial　Prostatitis
CBR,絶対安静,Complete Bed Rest
CBS,慢性脳症候群,Chronic Brain Syndrome
CBT,認知行動療法,Congnitive Behavior Therapy
CBV,カテーテル・バルーン弁形成(術),Catheter Balloon Valvuloplasty
CC,危篤状態,Critical Condition
CCA,冠状動脈回旋枝,Circumflex Coronary Artery
CCCC,非開胸心マッサージ,Closed Chest Cadiac Compression
CCHD,チアノーゼ性先天性心疾患,Cyanotic Congenital Heart Disease
CCI,外傷性脳障害,Craniocerebral Injuries
CCK,コレシストキニン,Cholecystokinin
CCK-PZ,コレシストキニン・パンクレオザイミン,Cholecystokinin-Pancreozymin
CCM,うっ血性心筋症,Congestive Cardiomyopathy
CCP,慢性肺性心,Chrinic Cor Pulmonare
CCPD,持続式周期的腹膜透析,Continuous Cyclic Peritonael Dialysis
CCPR,脳心肺蘇生法,Cerebro-Cardio-Pulmonary Resuscitation
CCr、Ccr,クレアチニンクリアランス,Creatinine Clearance
CCU,冠疾患集中治療室,Coronary Care Unit
CCVD,慢性脳血管疾患,Chronic Cerebrovascular Disease
CD,帝王切開による出産,Cesarean Delivery
CD50,50％治効量,Median Curative Dose
CDAP,持続陽圧（呼吸）,Continuous Diatending Airway Pressure
CDC,（米国）疾病予防センター,Centers for Disease Control and Prevention
CDH,頚椎椎間板ヘルニア,Cervical Disc Herniation
CDLE,慢性円板状エリテマトーデス、慢性円板状紅斑性狼瘡,Chronic Discoid Lunpus Erythematosus
CDP,持続性陽圧呼吸,Continuous Distending Pressure
CE,脳梗塞症,Cerebral Embolism
Ce,頸部食道,Cervical Esophagus
CEA,癌胎児性抗原,Carcinoembryonic Antigen
CECT,造影CT,Contrast Enhanced CT
CEP,慢性好酸球性肺炎,Chronic Eosinophilic Pneumonia
CEPP[B],シクロホスファミド、エトポシド、プロカルバジン、プレドニゾロン、[＋ブレオマイシン］の併用化学療法,Cyclophosphamide、Etoposide、Procarbazine、Prednisolone[+Bleomycin]
CER,条件情動反応,Conditioned Emotional Response
CES,中枢興奮状態,Central Excitatory State
CF,クリスマス因子、第Ⅸ因子,Christmas Factor
CFS,慢性疲労症候群,Chronic Fatigue Syndrome
CG,絨毛性性腺刺激ホルモン,Chorionic Gonadotropin
CGD,慢性肉芽腫症,Chronic Granulomatous Disease
CGL,慢性顆粒球性白血病,Chronic Granulocytic Leukemia
CGN,慢性糸球体腎炎,Chronic Blomerylonephritis
CGT,絨毛性ゴナドトロピン,Chorionic Gonadotropin
CH(A),総肝動脈,Common Hepatic Artery
CHA,赤血球寒冷凝集反応,Cold Hemagglutination Test
CHAI,肝動脈持続動注療法,Continuous Hepatic Arterial Infusion
CHD,冠状動脈性心疾患,Coronary Heart Disease
CHDF,持続的濾過透析,ContinuousHemodiafiltration
ChE,コリンエステラーゼ,Cholinesterase
Chemo Ther,化学療法,Chemotherapy
CHF,うっ血性心不全,Congestive Heart Failure
CHPP,持続温熱腹膜灌流療法,Contunuous Hyperthermic Peritoneal Perfusion
chpx,水痘,Chickenpox
chr,慢性の,Chronic
CI,化学療法指数,Chemotherapeutic Index
CIA,総腸骨動脈,Common Iliac Artery
CIII,持続静脈内インスリン注入療法,Continuous Intravenous Insulin Infusion
CIIP,慢性特発性腸管仮性閉塞症,Chronic Idiopathic Intestinal Pseudoobstruction
CIN,子宮頸部上皮内腫瘍,Cervical IntraepithelialNeoplasia
CIP,慢性特発性膵炎,Chronic Idiopathic Pancreatitis
CIPD,慢性間歇的腹膜透析（灌流）,Chronic Intermittent Peritoneal Dialtsis
Circ,胃壁全周,Circular wall of stomach
CIRPN,慢性特発性再発性多発ニューロパチー,Chronic Idiopathic Relapsing Polyneuropathy
CIS,上皮内癌,Carcinoma in situ
Cis,シスプラチン,Cisplatin、Fluorouracil
CISCA,シスプラチン、シクロホスファミド、ドキソルビシン（アドリアシン）の併用化学療法,Cisplatin、Cyclophosphamide、Doxorubicin(Adriacin)
CJD,クロイツフェルト・ヤコブ病,Creutzfeldt-Jakob Disease
CK,クレアチンキナーゼ,Creatine Kinase
CK-BB,クレアチンキナーゼBB（脳）型アイソザイム,Creatine Kinase Brain Band
CK-MB,クレアチンキナーゼMB（心筋）型アイソザイム,Creatine Kinase Myocardial Band
CK-MM,クレアチンキナーゼMM（筋）型アイソザイム,Cretine Kinase Muscle Band
CLBBB,完全左脚ブロック,Complete Left Bundle Branch Block
CLD,慢性肝疾患,Chronic Liver Disease
CLL,慢性リンパ性白血病,Chrinic Lynphocytic Leukemia
C-L op,上顎洞根本手術,Caldwell-Luc Operation
CLP,口唇口蓋裂,Cleft Lip Palate
CLSH,黄体刺激ホルモン,Corpus Luteum-Stimulating Hormone
Cman,マンニトール・クリアランス,Mannitol Clearence
CMF,シクロホスファミド、メトトレキサート、フルオロウラシルの併用化学療法,Cyclophosphamide、Methotrexate Fliorouracil
CNG,膀胱内圧曲線、膀胱内圧測定,Cystometrogram、Cystometrography
CML,慢性骨髄性白血病,Chronic Myelocytic(myelogenous、myeloid)Leukemia
CMMoL,慢性骨髄単球性白血病,Chrinic Myelomonocytic Leukemia
C-MOPP,シクロホスファミド＋[ビンクリスチン（オンコビン）、プロカルバジン、プレドニゾロン]の併用化学療法,Cyclophosphamide+[Vincristine(Oncovin)、Procarbazine、Prednizolone]
CMP,膝蓋軟骨軟化症,
CMR,脳代謝率,Cerebral Metabolie Rate
CMRGI、CMRgl,脳ブドウ糖代謝率,Cerebral Metabolic Rate of Glucose
CMRO2,脳酸素代謝率,Cerebral Oxygen Metabolic Rate
CMV,機械的調節呼吸,Controlled Mechanical Ventilation
CN,脳神経,Cranial Nerve
CNAP,慢性非アルコール性膵炎,Chronic Non-Alcoholic Pancreatitis
CNP,持続陰圧呼吸法,Continuous Negative Pressyre
CNSDC,慢性非化膿性破壊性胆管炎,Chrinic Non-Suppurative Destructive Cholangitis
CO,一酸化炭素,Carbon Mnooxide
Co,コンプライアンス,Compliance
CoA,大動脈縮窄（症）,Coarctation of Aorta
Coag T,全血凝固時間,Coagulation Time
COBD,慢性閉塞性気管支疾患,Chronic Obstructive Bronchial Disease
COBS,慢性器質性脳症候群,Chronic Organic Brain Syndrome
CODE,シスプラチン、ビンクリスチン（オンコビン）、ドキソルビシン、エトポシドの併用化学療法（G-CSFと併用）,Cisplatin、Vincristine(Oncovin)、Doxorubicin、Etoposide
COHb,一酸化炭素ヘモグロビン,Carboxy Hemoglobin
COLD,慢性閉塞性肺疾患,Chronic Obstructive Lung Disease
COMPARDR,シクロホスファミド、ビンクリスチン（オンコビン）、メトトレキサート、メルファラン、ドキソルビシンの併用化学療法,Cyclophosphamide、Vincristine(Oncovin)、Methotrexate、Melphalan(L-PAM)、Doxorubicin(DXR)
conc、concd、concentr,濃度、濃厚、濃い,Concentrated、Concentratus
COP,膠質浸透圧、コロイド浸透圧,Cyclophaosphamide、Vincristine(Oncovin)、Prednisolone
COPD,慢性閉塞性肺疾患,Chronic Obstructive Pulmonary Disease
Cor TGA,修正大血管転位症,Corrected Transposition of Great Arteries
CP,口蓋裂,Cleft Palate
CPA,心肺停止,Cardiopulmonary Arrest
CPAOA,来院時心肺停止,Cardiopulmonary Arrest On Arrival
CPAP,持続陽圧呼吸,Continuous Positive Airway Pressure
CPB,人工心肺,Cardiopulmonary Bypass
CPCR,心肺脳蘇生,Cardiopulmonary Cerebral Resuscitation
CPD,連続的腹膜透析,Continuous Periotonael Dialysis
CPH,慢性持続性肝炎,Chronic Persistent Hepatitis
CPIP,未熟児慢性肺機能不全,Chronic Pulmonary Insufficiency of Prematurity
CPK,クレアチンホスホキナーゼ,Creatine Phosphokinase
CPK-BB,クレアチンホスホキナーゼBB(脳）型アイソザイム,Creatine Phosphokinase Brain Band
CPK-MB,クレアチンホスホキナーゼMB（筋）型アイソザイム,Creatine Phosphokinase Myocardial Band
CPK-MM,クレアチンホスホキナーゼMM（筋）型アイソザイム,Creatine Phosphokinase Muscle Band
CPN,慢性腎盂腎炎,Chronic Pyelonephritis
CPP,脳灌流圧,Cerebral Perfusion Pressure
CPPB,持続陽圧呼吸（法）,Continuous Positive Pressure Breathing
CPPV,持続陽圧換気（法）,Coctinuous Positive Pressure Ventilation
CPR,心肺蘇生(法）,Cardiopulmonary Resuscitation
CPS,大静脈肺動脈吻合(術),Cavopulmonary Shunt
CPU,中央演算処理装置,Central Processing Unit
CPV,(有効）循環血漿量,Circulating Plasma Volume
CR,非観血的整復,Closed Reduction
CRBBB,完全右脚ブロック,Complete Right Bundle Branch Block
CRC,濃厚赤血球,Concentrated Red Cells
Crea,クレアチニン,Creatinine Clearance
crep,捻髪音,Crepitus
CRP,C反応性蛋白,Carbon Reactive Protein
CRS,カテーテル敗血症,Catheter　Related　Sepsis
CS,冠状静脈洞,Coronary Sinus
CS、C/S,帝王切開（術）,Cesaresn Section
CS、Cs、cs,意識,Consciousness
CS(D)H,慢性硬膜下血腫,Chronic Subdural Hematoma
CSF,（脳脊）髄液,Cerebrospinal Fluid
CSM,頸椎症性脊髄症,Cervical Spondylotic Myelopathy
CSR,頸椎症性神経根症,Cervical Spondylotic Radiculopathy
CST,子宮収縮負荷テスト、コントラクションストレステスト,Contraction Stress Test
CT,全血凝固時間,Clotting Time
CT(scan),コンピューター断層撮影（法）、CTスキャン,Computed Tomography、Computerrized Tomography
CTG,胎児心拍陣痛図、分娩監視装置,Cardio-Tocogram
CTGA,修正大血管転位,Corrected Transposition of Great Arteries
CTR,心胸（郭）比（係数）,Cardiothoracic Ratio
CV,中心静脈,Central Vein
CVA,脳血管障害,Cerebral Vascular Accident
CVAC,心血管促進中枢,Cardiovascular Accelerating Center
CvCO2,混合静脈血二酸化炭素含量,Mixed Venous Carbon Dioxide Content
CVD,持続脳室ドレナージ,Continuous Ventricular Drainage
CVH,中心静脈栄養,Central Venous Hyperalimentation
CVP,中心静脈圧,Central Venous Pressure
CVR,脳血管抵抗,Cerebrovascular Resistance
CVVH,持続的静脈-静脈血液濾過,Continuos Veno-Venous Hemofiltration
CX,回旋枝,Circumflex Coronary Artery
CXR,胸部X線（写真）,Chest X-Ray
D,うつ病,Depression
D1,第１対角枝,First Diagonal Branch
D2,第２対角枝,Second Diagonal Branch
ｄ,密度、相対密度（比重）,Density
DAD,びまん性肺胞障害,Diffuse Alveolar Damage
DAT,アルツハイマー型痴呆,Demantia of the Alzheimer Type
DB,Ⅲ度熱傷、皮下熱傷,Deep Burn
ｄB,【デシベル】デシベル,Decibel
DBI,びまん性脳損傷,Diffuse Brain Injury
D-Bｉｌ,【ディービル】直接型ビリルビン,Direct Bilirubin
DBP,拡張期血圧,Diastolic Blood Pressure
DBS,脳深部電気刺激,Deep Brain Stimulation
DBT,二重盲検法,Double Blind Test(trial)
DC,直流,Direct Current
D&C,子宮内容除去（術）,Dilatation and Curettage
DCA,方向性冠状動脈粥腫切除（術）、アテレクトミー,Directional Coronary Atherectomy
DCG,ドップラー心エコー法,Doppler Cardiography
DCIA,深腸骨回旋動脈,Deep Circumflex Iliac Artery
DCM,拡張型心筋症,Dilated Cardiomyopathy
DCR,涙嚢鼻腔吻合（術）,Dacryocystorhinostomy
DCRV,右室二腔症,Duuble Chambered Right Ventricle
DDB,真皮深層熱傷,Deep Dermal Burn
DDD,心房同期型心室刺激および房室順次刺激、ユニバーサルペーシング,Double-Double-Double
desc Ao,【ディセンディング・エイオー】下行大動脈,Descending Aorta
DF,除細動,Defibrillation
DFPE,二重濾過血漿交換,Double Filtration Plasma Exchange
DFPP,二重濾過血漿分離,Double Filtration Plasmapheresis
DFS,十二指腸ファイバースコープ,Duodenofiberscope
DI,難産指数,Dystocia Index
DIC,点滴静注胆道造影（法）,Drip Infusion Cholangiography
DIE,突然死,Death In Emergency
dil(d)、dilut,【ディル】希薄の、薄い、希釈した,Dilutus、Diluted
DILV,左室性単心室,Double Inlet left Ventricle
DIRV,右室性単心室,Double Inlet Right Ventricle
DIS,医薬品情報サービス,Drug Information Service
dis,【ディス】疾病,Disease
DIU,点滴性尿路造影（法）,Drip Infusion Urography
DIV,点滴静脈注射,Drip Infusion In Vein
DK、DKA,糖尿病性ケトアシドーシス,Diabetic Ketoacidosis
DLco,一酸化炭素に対する肺拡散能力,Diffusing Capacity of the Lung for Carbon Monoxide
DLE,円板状ループスエリテマトーデス,Discoid Lupusu erythematosus
DLV,分別換気,Differential Lung Vntilation
DM,拡張期雑音,Diastolic murmur
DMD,デュシェンヌ型筋ジストロフィー,Duchenne Muscular Dystrophy
DMP,進行性筋ジストロフィー,Dystrophia musculorum progressiva（ラ）
DNR,蘇生法を行うな,Do Not Resuscitate
DOA,ドーパミン,Dopamine
DOC,【ドーク】意識障害,Disturbance Of Consciousness
DOLV,両大血管左室起始（症）,Double-Outlet Left Ventricle
DORV,両大血管右室起始（症）,Double-Outlet Right Ventricle
DP,足背動脈,Dorsalis Pedis(Artery)
DR,糖尿病性網膜症,Diabetic Retinopathy
DS,ダンピング症候群,Dumping Syndrome
DSA,デジタルサブトラクション血管造影（法）,Digital Subtraction angiography
DTH,遅延型過敏症,Delayed-Type Hypersensitivity
DTP,ジフテリア・破傷風・百日咳の予防注射液,Diphtheria、Tetanus、Pertussis
DU,十二指腸潰瘍,Duodenal Ulcer
DUB,機能性子宮出血,Dysfunctional Uterine bleedinng
DUD,排尿筋・尿道協調不全,Detrusor Urethral Dyssynergia
DVR,２弁置換,Double Valve Replacement
DW、D/W,蒸留水,Distilled Watar
DWI,酒酔い運転,Driving While Intoxicated
Dx,診断,Diagnosis
E,エピネフリン,Epinephrine
E0～2,胸水の程度を示す記号,
E1,エストロン,Estrone
E1～4,肝癌占拠率を示す記号,
E2,エストラジオール,Estradiol
E3,エストリオール,Estriol
E4,エステトロール,Estetrol
γE,免疫グロブリンE,gamma E
EA,環境影響評価,Environmental Assessment
EAA,外因性過敏性肺臓炎,Extrinsic Allergic Alveolitis
EAC,外耳道,External Auditory Canal
EACD,湿疹状アレルギー性接触皮膚炎,Eczematous Allergic contact dermatitis
EAEC,腸管付着性大腸菌,Enteroadherent Escherichia coli
EAM,外耳道,External Auditory Meatus
EAP,エトポシド、ドキソルビシン（アドリアシン）、シスプラチンの併用化学療法,Etoposide、Doxorubicin(Adriacin)、Cisplatin(CDDP)
EB,Ⅰ度熱傷、表皮熱傷,Epidermal Burn
EBA,肝外胆道閉鎖症,Extrahepatic Biliary Atresia
EBD,栄養障害性表皮水疱症,Epidermolysis Bullosa Dystophica（ラ）
EBNA,【エブナー】EB（エプシュタイン・バー）ウィルス関連核抗原,Epistein-Barr virus associated Nuclear Antigen
EBS,単純性表皮水疱症,Epidermolysis Bullosa Simplex（ラ）
EBV,EB（エプシュタイン・バー）ウィルス,Epstein-Barr Virus
EC,エステル型コレステロール,Esterified Cholesterol
E-C,食道噴門接合部,Esophagocardial(junction)
ECA,外頸動脈,External Carotid Artery
ECC,緊急心疾患治療,Emergency Cardiac Care
ECCE,（白内障）嚢外摘出（術）,Extracapsular Cataract Extraction
ECCO2R,【エコール】体外二酸化炭素除去法,Extracorporeal CO2 Removal
ECCU,緊急心疾患治療室,Emergency Cardiac Care　Unit
ECD,角膜内皮変性症,Endothelial Corneal Dystrophy
ECF,細胞外液,Extracellular Fluid
ECG,心電図,Electrocardiogram
Echo,【エコー】超音波検査,Echography
EC-IC,頭蓋内-（頭蓋）外バイパス術,Extracranial-Intracranial(bypass)
ECLA,【エクラ】体外式肺補助,Extracorporeal lung assist
ECM,細胞外基質,Extracellular matrix
ECMO,【エクモ】（体外式）膜型人工肺,Extracorporeal Membrane Oxygenator
ECoG,皮質脳波,Electrocorticogram
E coli,【イーコライ】大腸菌,Esherichia coli
ECP,骨髄性コプロポルフィリン症,Erythropoietic Coproporphyria
ECRB,短橈側手根伸筋,（musculus)Extensor carpi Radialis Brevis（ラ）
ECRL,長橈側手根伸筋,（musculus)Extensor carpi Radialis longus（ラ）
ECS,電気的脳無活動,Electrocerebral Silence
ECSWL,体外衝撃波砕石術,Extracorpoereal shock weve lithotripsy
ECSWS,徐波睡眠時に持続性棘徐波を示すてんかん,Epilepsy with Continuous spike-waves during Slow Wave Sleep
ECU,【エキュ】尺側手根伸筋,（musculus)Extensor Carpi ulnaris(ラ）
ECUM,【イーカム】体外限外濾過法,Extracorporeal Ultrafiltration Method
ECV,骨盤位外回転術,External cephalic Version
ECW,細胞外水分,Extracellular water
ED,拡張終（末）期,Enddiastole
EDA,皮膚電位,Electrodermal Activity
EDAMS,脳硬膜動脈筋血管癒合（術）,Encephaloduro-Arterio-Myo-Synangiosis
EDAS,【イーダス】脳硬膜動脈血管癒合（術）,Encephalo-Duro-Arterio-Myo-Synangiosis
EDC,総指伸筋,(musculus)Extensor Digitorum Communis（ラ）
EDH,硬膜外血腫,Epidural Hematoma
EDL,長趾伸筋,(musculus)Extensor Digitorum Longus（ラ）
EDM,小指伸筋,(musculus)Extensor Digiti minimi
EDP,拡張終（末）期圧,End-Diastolic Pressure
EDQ,小指固有伸筋,(musculus)Extensor Digiti Quinti(ラ)
EDSP,内視鏡的二重係蹄ポリープ切除（術）,Endoscopic Double Snare Polypectomy
EDV,拡張終（末）期容積,End-Diastolic Volume
EDX,エンドキサン,Endoxan
E-E,端端（吻合）,End-to-End（anastomosis)
EEA,端端（吻合）,End-to-End　Anastomosis
EE(C）G,脳波、脳波記録、脳電図,Electroencephalogram
EEM,多形（滲出性）紅斑,Erythema Exsudativum Multiforme(ラ）
EEP,【イープ】終末呼気圧,End-Expiratory Pressure
EEV,全周性心内膜心筋切開術,Encircling Endocardial Ventriculotomy
EF,駆出率、駆出分画,Ejection Franction
EF(E),心内膜線維弾性症,Endocardial fibroalastosis
EFM,胎児監視装置,Electronic Fetal monitor
EF(B)W,推定胎児体重,Etimated Fetal (Body) Weight
EGC,早期胃癌,Early Gastric Cancer
EGJ,食道胃粘膜境界部,Esophagogastric Junction
EH,本態性高血圧症,Essential Hypertension
Eh,血性胸水,Hemorrhagic pleural Effusion
EHBA,肝外胆道閉鎖症,Extrahepatic Biliary Atresia
EHO,肝外門脈閉塞症,Extrahepatic Portal Occlusion
Ei,胸部下部食道,Esophagus、Thoracic Interior、Lower Intrathoracic Esophagus
EIA,運動誘発性喘息,Exercise-Induced Asthma
EIB,運動誘発(性)気管支攣縮,Exercise-Induced Bronchospasm
EIEE,サプレッション・バーストを伴う早期乳児てんかん性脳症,Early Infantile Epileptic Encephalopathy with Suppression Burst
EIM,興奮誘発物質,Excitability Inducing Material
EIP,吸気後吸気時間,End-Inspiratory Pause
EIS,内視鏡的硬化剤注入療法,Endoscopic Injection Sclerotherapy
EJ,肘反射,Elbow Jerks
EKC,流行性結膜炎,Epidemic Keratoconjunctivitis
EKG,心電図,
ELBW,超低出生体重児,Extremely Low Birth Weight
ELCA,エキシマレーザー冠状動脈形成術,Excimer Laser Coronary Angioplasty
ELM,外限界膜,External Limiting Membrane
EM,アイゼンメンゲル症候群,Eisenmenger(Syndrome)
Em,正視,Emmetropia
EMA-CP,エトポシド、メトトレキサート、ダクチノマイシン、（ロイコボリン）、シクロホスファミド、ビンクリスチン（オンコビン）の併用化学療法,Etoposide、Methotrexate、Dactinomycin(ACT-D)、(Leucovorin)、Cyclophosphamide、Vincristine(Oncovin)
EMC,脳心筋炎,Encephalomyocarditis
EME,早期ミオクロニー脳症,Early Myoclonic Encephalopathy
EMF,心内膜心筋線維症,Endomyocardial Fibrosis
EMG,筋電図,Electromyogram
EML,体外的微少発破砕石術,Extracorporeal Microexplosive Lithotripsy
Empy,副鼻腔蓄膿症,
empy,上顎洞炎,
EMR,内視鏡的粘膜切除(術）,Endoscopic Mucosal Resection
EMS,拡張式金属ステント,Expandable Metallic Stent
EMSS,救急医療システム,Emergency Medical Service System
EN,結節性紅斑,
EMBD,内視鏡的経鼻胆管ドレナージ,Endoscopic Nasobiliary Drainage
ENF,エンフルレン,Enfluren
ENT,エンテロトキシン,Enterotoxin
Ent,退院,
ENX,エノキサシン,Enoxacin
EOA,食道閉鎖式エアウェイ,Esophageal Obturator Airway
EOG,エチレンオキサイドガス（消毒法）,Ethylene Oxide Gas
EP,エストロゲン・プロゲステロン,Estrogen-Progesterone
EP,エリスロポエチン,Erythropoetin
Ep,上皮細胞,Epithelial(cell)
Ep(i),てんかん,Epilepsy
Ep(id),硬膜外麻酔,Epidural Anesthesia
ep,粘膜上皮内（癌）,Intraepithelium
EPAP,呼気気道陽圧,Expiratory Positive Airway Pressure
EPC,持続性部分てんかん,Epilepusia Partialis Continua
EPCG,内視鏡的膵胆管造影(法),Endoscopic Pancreato-Cholangiography
EPH,浮腫・蛋白尿・高血圧（妊娠中毒症),Edema/Proteinuria/Hypertension
EPI,エピルビシン,Epirubicin
Epi,硬膜外,Epidural
Epid,硬膜外麻酔,Epidural Anesthesia
EPL,内視鏡的膵石破砕（術）,Endoscopic Pancreatolithotripsy
EPO,エリスロポエチン,Erythropoetin
EPS,(心臓）電気生理学的検査,Electrophysiologic Study
EPT,内視鏡的乳頭切開(術）,Endoscopic Papillotomy
EQ,教育指数,Educational Quotient
ER,外旋,External Rotation
Er,びらん,Erosion
ERBD,内視鏡的逆行性胆管ドレナージ,Endoscopic Retrograde Biliary Drainage
ERBE,内視鏡的逆行性胆管内瘻術,Endoscopic Retrograde Biliary Endoprosthesis
ERBF,有効腎血流量,Effective Renal Blood Flow
ERC,呼気残気量,Expiratory Residual Capacity
ERCP,内視鏡的逆行性胆管膵管造影(法),Endoscopic Retrograde Cholangiopancreatography
ERGBD,内視鏡的逆行性胆嚢胆管ドレナージ,Endoscopic Retrograde Gall-Bladder and Bile Duct Drainage
ERP,心内膜切開（除）術,Endocardial Resection Procedure
ERPF,有効腎血漿流量,Effective Renal Plasma Flow
ERV,予備呼気量,Expiratory Reserve Volume
ES,収縮終（末）期,Endosytole
ES(T),電気ショック療法,Electric Shock(Thetapy)
Es,期外収縮,Extrasystole
ESB,脳電気刺激,Elestrical Stimulation to the Brain
ESHAP,エトポシド、メチルプレドニゾロン、高用シタラビン、シスプラチンの併用化学療法,Etoposide、Methylprednisolone、High Dose Cytarabine(Ara-C)、Cisplatin(CDDP)
ESM,駆出性収縮期雑音,Ejection Systolic Murmur
ESR,赤血球沈降速度,Erythrocyte Sedimentation Rate
ESRD,末期腎臓病,End-Stage Renal Disease
EST,電気ショック療法,Electric Shock Therapy
ESV,収縮末期容量,Endo-Systolic Volume
ESWL,体外衝撃波結石破砕術,Extracorporeal Shock-Wave Lithotripsy
ET,気管内挿管チューブ,Endotracheal(tube)
ET、Et,エンドトキシン,Endotoxin
Et-CPAP,気管内挿管による持続陽圧呼吸,Endotracheal Continuous Positive Airway Pressure
ETT,運動負荷試験,Exercise Tolerance Test
EUG,排泄性尿路造影（法）,Excretory Urography
EUS,外尿道括約筋,External Urethral Sphincter
EV,食道静脈瘤,Esophageal Varices
EVB,エトポシド、エノシタビン、ビンデシンの併用化学療法,Etoposide、Enocitabine(BHAC)、Vindesine
EVL,内視鏡的静脈瘤結紮術,Endoscopic Variceal Ligation
EVLW,血管外肺水分量,Extra Vascular Lung Water
Evs,内視鏡的食道静脈瘤硬化療法,Endoscopic Variceal Sclerotherapy
Ex,エンドトキシン,Endotoxin
Exog,外因の,Exogenous
Exp,呼気,Expiration
Ez,湿疹,Eczema
F,足,Foot
FXIII,フィブリン安定化因子,Fibrin Stabilizing Factor
ｆ,回数・周波数,Frequency
FA,応急手当、初期治療,First Aid
FAB,【ファブ】FAB分類（急性白血病の分類）,French-American-British cooperative group classification
FAC,フルオロウラシル、ドキソルビシン（アドリアシン）、シクロホスファミドの併用化学療法,Fliorouracil、doxorubicin(Adriacin)、Cyclophosphamide
FACO2,肺胞気二酸化炭素濃度,Alveolar CO2 Concentration
FAM,フルオロウラシル、ドキソルビシン（アドリアシン）、マイトマイシンCの併用化学療法,Fliorouracil、doxorubicin(Adriacin)、Mitomycin C
FAO2、FaO2,肺胞気酸素濃度,Alveolar O2 Concentration
FAS,【ファス】胎児アルコール症候群,Fetal Alcohol Syndrome
FB,異物,Foreign body
FBG,空腹時グルコース（値）,Fasting Blood Glucose
Fbg,フィブリン,Fibrin
FBS,気管支ファイバースコープ検査（法）,Fiberoptic Bronchoscopy
FC,熱性痙攣,Febrile Convulsion
5-FC,5-フルオロシトシン（フルシトシン）,five-Fluorocytosine(flucytosine)
FCH,家族性複合型高脂血症,Familial Combined Hyperlipidemia
FCL,外側側副靭帯,Fibular Collateral Ligament
FCR,橈側手根屈筋,（musculus)Flexor Carpi Radialis(ラ）
FCU,尺側手根屈筋,（musculus)Flexor Carpi Ulnaris(ラ）
FCｘ,前頭皮質,Frontal Cortex
FD,陰影欠損,Frontal Defect
FDH,巣状皮膚形成不全症候群,Focal Dermal Hypoplasia(syndrome)
FDP,フィブリン分解産物,Fibrin Degradation products
FDT,前頭右側横位（胎位）,Frontodextra Transversa（position)
FE,胎児エコー,Fetal Echo
Fe,鉄,Ferrum(ラ）
FECG,胎児心電図,Fetal Electrocardiogram
FECO2,呼気二酸化炭素濃度,Franction of Expired CO2 concentration
FEF,最大呼気流量,Forced Expiratory Flow
FEK,【フェク】カリウム排泄率,Franction of Excretion of K
FEL,【フェル】家族性赤血球貪食性リンパ細網症,Familial Erythrophagocytic Lymphohistiocytosis
FEM,フルオロウラシル、エピルビシン、マイトマイシンCの併用化学療法,Fluorouracil、Epirubicin、Mitomycin C
FENa,【フィーナ】ナトリウム排泄分画,Franctional Excretion of sodium
FES,【フェス】機能的電気刺激,Functional Electrical Stimulation
FEV,【フェブ】努力性呼気肺活量,Forced Expiratory Volume
FEV1.0,【フェブワン】（努力性呼気肺活量の）1秒量,one second Forced Expiratory Volume
FEV1.0%,【フェブワンパーセント】（努力性呼気肺活量の）1秒率,percent of one second Forced Expiretory volume
FEVR,家族性滲出性硝子体網膜症,Familial Exudative Vitreoretinopathy
FF,濾過比,Filtration Franction
F-F,大腿・大腿動脈バイパス,Femoro-Femoral(bypass)
FFA,遊離脂肪酸,Free Fatty Acid
F-factor,【エフファクター】F因子,Fertility-factor
FFP,新鮮凍結血漿,Fresh Frozen Plasma
FGN,巣状糸球体腎炎,Focal Glomerulonephritis
FGS,胃ファイバースコープ,Fiber Gastroscope
FH,家族性高コレステロール血症,Familial HyperCholesterolemia
FHB,胎児心拍,Fetal Heart Beat
FHM,胎児心拍動,Fetal Heart Movement
FHR,胎児心拍数,Fetal Heart Rate
FHS、FHT,胎児心音,Fetal Heart Sound(tone)
FI,色素指数,
Final Dx,最終診断,Final Diagnosis
FIo2,吸入気酸素濃度,Fractional Concentration of Inspiratory Gas
FIV,努力吸気肺活量,Forced Inspiratory Volume
FJO,機能的顎矯正法,Functional Jaw Orthopedics
FL,前頭葉,Frontal Lobe
fl,屈曲,Flexion
FLCZ,フルコナゾール,Fluconazole
FLD,線維化性肺疾患,Fibrosing Lung Disease
FLP,前頭左側後位（胎位）,Frontolaeva Posterior(Position )
FLRX,フレロキサシン,Fleroxacin
FLT,前頭左側横位（体位）,Frontolaeva Transversa(Position)
FM,機能性心雑音,Functional Murmur
FMOX,フロモキセフ,Flomoxef
FN,顔面神経,Facial Nerve
F-N,指鼻（試験）,Finger-to-Nose(test)
FNAB,細針吸引生検,Fine Needle Aspiration Biopsy
FNAC,細針吸引細胞診,Fine Needle Aspiration Cytology
FO,眼底,
FOD,児頭前後径,Fronto-Occipital
FOM,ホスホマイシン,Fosfomycin
FP,顔面神経麻痺,Facial Palsy
FPCG,胎児心電図,Fetal Phonocardiogram
FPD,胎児骨盤不均衡,Fetoplacental Disproportion
FPG,空腹時血漿ブドウ糖（値）,Fasting Plasma Glucose
FPLN,巣状増殖性ループス腎炎,Focal Proliferative Lupus Nephritis
FR,流量,Flow Rate
Fr,骨折,Fracture
FRA,機能的残気,Functional Residual Air
FRC,機能的残気量,Functional Residual Capacity
FRF,卵胞刺激ホルモン放出因子,Follicle-Stimulating Hormone-Releasing Factor
FRH,卵胞刺激ホルモン放出ホルモン,Follicle-Stimulating Hormone-Releasing Hormone
FRJM,関節運動の最大域,Full Range of Joint Movement
FRM,フラジオマイシン,Fradiomycin
FRN,胎児性横紋筋腫型腎芽腫,Fetal Rhabdomyomatous Nephroblastoma
FRP,機能的不応期,Functional Refractory Period
FS,顔面痙攣,Facial Spasm
FSGS,巣状分節上糸球体硬化症,Focal Segmental Glomerulosclerosis
FSH,顔面肩甲上腕型筋ジストロフィー,Facioscapulohumeral Muscular Dystrophy
FSH-RF,卵胞刺激ホルモン放出因子,Follicle-Stimulating Hormone Releasing Factor
FSH-RH,卵胞刺激ホルモン放出ホルモン,Follicle-Stimulating Hormone Releasing Hormone
FSP,家族性痙性対麻痺,Familial Spastic Paraplegia
FT,機能テスト,Functional Test
FTD,胎児胸郭横径,Fetothoracic Diameter
FTND,満期正常産,Full Term and Nomal Delivery
FTNVD,満期正常経膣分娩,Full Term Nomal Vaginal Delivery
F to N,指鼻（試験）,Finger-to-Nose(test)
FTRC,解凍ヒト赤血球（濃厚液）,Frozen Thawed Red Cells
FTSG,全層皮膚移植（片）,Full Thickness Skin Graft
f/u,経過観察,Follow-Up
FUO,不明熱,Fever of Unknown Origin
FV,大腿静脈,Femoral Vein
FVC,努力性肺活量,Forced Vital Capacity
FWB,全荷重負荷,Full Weight Bearing
Fx,骨折,Fracture
γ-GTP,γ-グルタミントランスペプチダーゼ,gamma-Glutamyl Transpeptidase
G,ガストリン,Gastrin
GA,胃液検査,Gastric Analysis
GB,胆嚢,Gall Bladder
Gb,血液比重,specific Gravity of Blood
GBK,【ゲーベーカー】胆嚢癌,Gallenblasen Karzinom（独）
GBM,糸球体基底膜,Glomerular Basement membrane
GBS,ギラン・バレー症候群,Guillain-Barre Syndrome
GC,糖質コルチコイド,Glucocorticoid
GCA,巨細胞動脈炎,Giant Cell Arteritis
GCP,ポリープ状嚢胞性胃炎,Gastritis Cystica Polyposa（ラ）
GCS,グラスゴーコーマスケール,Glasgow Coma Scale
GCT,顆粒細胞腫,Granular Cell Tumor
GCV,ガンシクロビル,Ganciclovir
GDA,胃十二指腸動脈,Gastroduodenal Artery
GDM,妊娠糖尿病,Gestational Diabetes Mellitus
GE,胃腸炎,Gastroenteritis
GEA,胃大網動脈,Gstro-Epiploic Artery
gen,全身の、一般の,general
GEP,【ジェップ】胃・腸・膵内分泌系,Gastro-Entero-Pancreatic endocrine system
GER,胃食道逆流,Gastroesophageal Reflux
GF,糸球体濾過,Glomerular filtration
GFS,胃ファイバースコープ,Gastro-Fiberscope
GH,成長ホルモン,Growth Hormone
GI,胃腸管の,Gastrointestinal
GIFT,配偶子卵管内移植,Gamete Intrafallopian Transfer
GIK,グルコース・インスリン・塩化カリウム（混合液）,Glucose、insulin、kalium chloride
GIP,巨細胞性間質性肺炎,Giant cell Interstitial Pneumonia
GIS,胃腸管の,Gastrointestinal Series
GIT,消化管,Gastrointestinal Tract
GL,緑内障,Glaucoma
Glu,【グル】ブドウ糖,Glucose
GM,ゲンタマイシン,Gentamicin
GN,糸球体腎炎,Glomerulonephritis
Gn,ゴナドトロピン,Gonadotropin
GNB,グラム陰性桿菌,Gram-Negative Bacillus
GNC,グラム陰性球菌,Gram-Negative Coccus
GNR,グラム陰性桿菌,Gram-Negative Rod
GO,笑気・酸素（麻酔）,Gas Oxygen
GOE,【ゴエ】笑気・酸素・エーテル（麻酔）,Gas-Oxygen-Ether
GOF,笑気・酸素・フローセン（麻酔）,Gas-Oxygen-Fluothane
GOS,【ゴス】グラスゴーアウトカムスケール,Glasgow Outcome Scale
GP,進行性麻痺,General Paresis
GPB,グラム陽性桿菌,Gram-Positive Bacillus
GPC,胃壁細胞,Gastric Parietal Cell
GPI,精神病性進行麻痺,General Paralysis　of the Insae
GPR,グラム陽性桿菌,Gram-Positive Rod
grav,妊娠の,gravid
GRH,糖質コルチコイド反応性アルドステロン症,Glucocorticoid Reactive Hyperaldosteronism
GS,胎嚢,Gestational Sac
GSD,糖原病、グリコーゲン蓄積症,Glycogen Storage Disease
GSI,真性腹圧性尿失禁,Genuine Stress Incontinence
GT,胃チューブ,Gastric Tube
GTC、GTCS,全身性強直性間代発作,Generalized Tonicclonic Seizure
GTD,妊娠性絨毛性疾患,Gestational Trophoblastic Disease
GTT,ブドウ糖負荷試験,Glucose Tolerance Test
GU,胃潰瘍,Gastric Ulcer
GVH,対宿主移植片,Graft Versus Host
GVHD,移植片対宿主病、GVH病,Graft Versus Host　Disease
GVHR,移植片対宿主反応,Graft Versus Host Reaction
ＧＶＬ,移植片対白血病（反応）,Graft Versus Leukemia(reaction)
Gvty,歯肉切除術,Gingivectomy
Ｇｙ,【グレイ】グレイ（吸収線量の単位）,Gray
GYN、Gyn,【ギネ】婦人科,Gynecology
H,H抗原、鞭毛抗原,Hauch(breath)flagellar(antigen)
H0～3,肉眼的肝転移の程度を示す記号,
H0、s、1～4,原発性肝癌の存在範囲を示す記号,
H1、H2,ヒスタミンレセプター,Histamine Receptor
H、Ha,【ハルン】尿,Harn（独）
h,時間,Hour
HA,A型肝炎,Hepatitis A
HAA,肝炎関連抗原,Hepatitis Associated Antigen
HA-Aｇ,A型肝炎抗原,Hepatitis A　Antigen
HAAP,【ハープ】ヒトＴ細胞白血病ウイルスＩ型（HTLV-I）関連関節疾患,HTLV-I　Associated Arthropathy
HAB,【ハブ】ヒトT細胞白血病ウイルスI型（HTLV-I）関連気管支肺疾患,HTLV-I　Associated Bronchopneumonopathy
HABA,【ハバ】ヒトT細胞白血病ウイルスI型（HTLV-I）関連気管支肺胞疾患,HTLV-I　Associated Bronchoalveolar disorder
HAC,多動児,Hyper Active Children
HACE,【ヘイス】高地性脳浮腫,High Altitude Cerebral Edema
HAI,【ハイ】赤血球凝集抑制,Hemagglutination Inhibition
HAIR,【ヘア】赤血球凝集抑制反応,Hemagglutination Inhibition Reaction
HAIT,【ハイト】赤血球凝集抑制試験,Hemagglutination Inhibition Test
HAM,【ハム】ヒトT細胞白血病ウイルスI型（HTLV-I）関連脊髄症,HTLV-I　Associated Myelopathy
HAMD,【ハムド】ハミルトンうつ病尺度,Hamilton Depression Scale
HANE,【へイン】遺伝性血管神経性浮腫,Hereditary Angioneurotic Edema
hANP,【ハンプ】ヒト心房性ナトリウム利尿ペプチド,human Atrial Natriuretic Peptide
HAPE,【ヘイプ】高地性肺浮腫,High Altitude Pulmonary Edema
HA（R）S,【ハス】ハミルトン不安（評点）尺度,Hamilton Anxiety(Rating) Scale
HAV,【ハブ】A型肝炎ウイルス,Hepatitis A Virus
HB,【ハーベー】手動弁,Hand Bewegung（独）
Hb,【ヘモグロビン、ハーベー】ヘモグロビン,Hemoglobin
HbA,【ヘモグロビン・エイ】ヘモグロビンA,Hemoglobin A
HbA1c,【ヘモグロビン・エーワンシー】ヘモグロビンA1c,Hemoglobin A1c
HbAg,【エイチビー・アンチゲン】B型肝炎抗原,Hepatitis B Antigen
HbC,【ヘモグロビン・シー】ヘモグロビンC,Hemoglobin C
HBcAb,B型肝炎コア抗体,Hepatitis B core Antibody
HBcAg,B型肝炎コア抗原,Hepatitis B core antigen
HbCO,一酸化炭素ヘモグロビン,Carboxyhemoglobin
HBE,ヒス束心電図,His Bundle Electrogram
HBeAb,B型肝炎e抗原抗体,Antibody to the Hepatitis B Early Antigen
HBeAg,B型肝炎e抗原,Hepatitis B Early Antigen
HBF,肝血流量,Hepatic Blood Flow
HbF,【ヘモグロビン・エフ】胎児ヘモグロビン,Hemoglobin Fetal
HBIG,抗HBｓヒト免疫グロブリン,Hepatitis B Immune Globulin
HbM,ヘモグロビン　M,Hemoglobin M
HBO,高圧酸素療法,Hyperbaric Oxygenation
HbO2,オキシヘモグロビン,Oxyhemoglobin
HbS,鎌状赤血球ヘモグロビン、ヘモグロビン　S,Sickle Cell Hemoglobin、Hemoglobin S
HBsAb,B型肝炎表面抗体、HBｓ抗体,Hepatitis B Surface Antibody
HBsAg,B型肝炎表面抗原、HBｓ抗原,Hepatitis B Surface Antigen
HBV,B型肝炎ウイルス,Hepatitis B Virus
HC,C型肝炎,Hepatitis C
HCC,肝細胞癌,Hepatocellular Carcinoma
HCG、hCG,ヒト絨毛性ゴナドトロピン,Human Chorionic Gonadotropin
HCM,肥大型心筋症,Hypertrophic Cardiomyopathy
HCO3,重炭酸塩,Bicarbonate
Hct,ヘマトクリット,Hematocrit
HCTU,在宅頸椎牽引,Home Carvical Traction Unit
HCV,C型肝炎ウイルス,Hepatitis C virus
HCVD,高血圧性心血管疾患,Hypertensive Cardiovascular Disease
HD,ハウスダスト,House Dust
HDF,血液透析濾過（法）,HemodiaFiltration
HDL,高比重リポ蛋白,High Density Lipoprotein
HDL-C,高比重リポ蛋白コレステロール,High Density Lipoprotein-Cholesterol
HDN,新生児出血性疾患,Hemorrhagic Disease of New Born
HDS,ハイルトンうつ病評価尺度,Hamilton Depression Scale
HDV,D型肝炎ウイルス,Hepatitis D Virus
He,ヘリウム,
Hem、Hemo,痔核,Hemorrhoid
HEV,E型肝炎ウイルス,Hepatitis E Virus
HF,血液濾過,Hemofiltration
HFD,過大体重児,Heavy For Dates(infant)
HFJV,高頻度ジェット換気（法）,High Frequency Jet Ventilation
HFMD,手足口病,Hand Foot and Mouth Disease
HFO,高頻度振動、高頻度人工換気装置（法）,High Frequency Oscillation
HFO(V),高頻度振動式人工換気,High Frequency Oscillatory (ventilation)
HFPPV,高頻度陽圧人工換気,High Frequency Positive Pressure Ventilation
HFV,高頻度人工換気,High Frequency Ventilation
Hg,水銀,Hydrargyrum
Hgb,ヘモグロビン,Hemoglobin
HgF,胎児性血色素,Fetal Hemoglobin
HGG,ヒトγ-グロブリン,Human Gamma-Globulin
HGH、hGH,ヒト成長ホルモン,Human Growth Hormone
HH,裂口ヘルニア,Hiatal Hernia
H&H,（くも膜下出血の）ハントとヘスの分類,Hunt and Hess(classification of subarachnoid hemorrhage)
HHA,健康障害評価,Health Hazaed Appraisal
HHD,高血圧性心疾患,Hypertensive Heart Disease
HHNKC,高浸透圧性高血糖性非ケトン性昏睡,Hyperosmolaric Hyperglycemic Non-Ketotic Coma
HHS,視床下部・下垂体系,Hypothalamic-Hypophyseal Sysrem
HHV-6,ヒトヘルペスウイルス６,Human Herpes Virus 6
HI,頭部外傷,Hemagglutanation Inhibition
HIA,換気誘発性喘息,Hyperventilation Induced Asthma
HIE,低酸素性虚血性脳症,Hypoxic Ischemic Encephalopathy
HIH,高血圧性脳内出血,Hypertensive Intracerebral Hemorrhage
HIT,赤血球凝集抑制試験,Hemagglutination Inhibition Test
HIV,ヒト免疫不全ウイルス,Human Immunodeficiency Virus
HL,高脂血症,Hyperlipidemia
HLHS,左心形成不全症候群,Hypoplastic Left Heart Syndrome
HLP,ハロペリドール,Haloperidol
HLS,高張乳酸加食塩水,Hypertonic Lactated Saline Solution
hLS,ヒト絨毛性ゴナドトロピン様物質,Human Chorionic Gonadotropin Like Substance
HLV,ヘルペス様ウイルス,Helpes-Like Virus
HM,手動弁,Hnad Movement
HMD,肺硝子膜症,Hyaline Membrane Disease
HME,熱湿交換器,Heat and Moisture Exchanger
hMG,ヒト閉経期ゴナドトロピン,Human Menopausal Bonadotropin
HMV,在宅人工換気,Home Mechanical Ventilation
H&N,頭頸部,Head and Neck
HNCM,非閉塞性肥大型心筋症,Hypertrophic Non-Obstructive Cardiomyopathy
HNP,椎間板ヘルニア,Herniated Nucleus Pulposus
HO,親水軟膏,Hydrophilic Ointment
HOA,肥大性骨関節症,Hypertrophic Osteoarthropathy
HOCM,閉塞性肥大型心筋症,Hypertrophic Obstructive Cardiomyopathy
HOT,在宅酸素療法,Home Oxygen Therapy
HP,過敏性肺炎,Hypersensitive Pneumonitis
HP、Hp,ハプトグロビン,Haptoglobin
HPD,膵頭十二指腸切除を伴う肝切除（術）,Hepatectomy with Pancreatoduodenectomy
Hp-F,ヘパリン加新鮮血液,Heparinized Fresh Whole Blood
HPG、hPG,ヒト下垂体性腺刺激ホルモン,Human Pituitary Gonadotropin
HPL、hPL,ヒト胎盤性ラクトゲン,Human Placental Lactogen
HPLH,左心（室）低形成,Hypoplastic Left Heart
HPN,在宅中心静脈栄養法,Home Parenteral Nutrition
HPRH,右心（室）低形成,Hypoplastic Right Heart
HPS,肥厚性幽門狭窄（症）,Hypertrophic Pyloric Stenosis
HPV,ヒトパピローマウイルス,Human Papilloma Virus
HR,心拍数,Heart Rate
Hr,尿,
hr、hrs,時間,hour(s)
HRCT,高分解能コンピュータ断層撮影（法）,High Resolution Computed Tomography
HRT,ホルモン補充療法,Hormone Replacement Therapy
HS,心音,Heart Sound
β-HS,β-溶血性連鎖球菌,Beta-Hemolytic Streptococcus
HAS,ヒト血清アルブミン,Human Serum Albumin
HSE,単純ヘルペスウイルス,Herpes Simplex Encephalitis
HSG,子宮卵管造影（法）,Hysterosalpingography
HSV,選択的近位迷走神経切離（術）,Highly Selective Vagotomy
HSVE,単純ヘルペスウイルス脳炎,Herpes Simplex Virus Encephalitis
HT,高血圧,Hypertension
HT、Ht,身長,Height
Ht,ヘマトクリット,Hematocrit
HTLV,ヒトT細胞白血病ウイルス,Human T-cell Lymphotropic Virus
HTN,高血圧,Hypertension
HTO,高位脛骨骨切り術,High Tibial Osteotomy
HV,外反母趾,
HVGR,宿主対移植片反応,Host Versus Graft Reaction
Hx,病歴,History
Hy,遠視,Hyperopia
Hy、hy,ヒステリー,
Hydro,水頭症,Hydrocephalus
hypo,低血糖症,Hypoglycemia
hys(t)、Hys(t),ヒステリー,Hysteria
hystero,子宮卵管造影（法）,Hysterosalpingography
HZ,帯状疱疹、帯状ヘルペス,Herpes Zoster
HZV,帯状ヘルペスウイルス,Herpes Zoster Virus
I,示指,Index Finger
IA,関節内,Intra-Articular
Ia,Ia抗体,Immune region-Associated(antigen)
IAA,インスリン抗体,Insulin Autoantibody
IABP,大動脈内バルーンパンピング,Intra-Aortic Ballon Pumping
IAC,内耳道,Internal Auditory Canal
IAD,両耳性振幅差,Interaural Amplitude Difference
IADSA,経動脈性DSA,Intra-Arterial　Digital Subtraction Angiography
IAH,特発性アルドステロン症、特発性副腎過形成,Idiopathic Adrenal hyperplasia
IAH、IAHA,免疫粘着赤血球凝集反応,Immune Adherence Hemagglutination
IAR,インターフェロン-β、ニムスチンと放射線照射の併用療法,Interferon beta、Nimustine(ACNU)and radiation
IAS,心房中隔,Intra-Atrerial Septum
IAV,間歇的補助換気,Intermittent Assisted Ventilation
IB,間接型ビリルビン,Indirect Bilirubin
ib、ibid,同じ箇所に,Ibidem（ラ）
IBA,骨皮質指数,Index Bone Area
IBC,鉄結合能,Iron-Binding Capacity
IBD,炎症性腸疾患,Inflammatory Bowel Disease
IBL,免疫芽球性リンパ節症,Immunoblastic Lymphadenopathy
IBS,過敏性腸症候群,Irritable Bowel Syndrome
IBW,標準体重、理想体重,Ideal Body Weight
IC,インフォームドコンセント,Informed consent
IC、ICA,【アイカ】内頚動脈,Internal Carotid Artery
ic,食間,Inbter Cibos（ラ）
ICA,回腸直腸動脈,Ileocolic Artery
ICCE,（白内障）嚢内摘出（術）,Intracapsular Cataract Extraction
ICD,植え込み型除細動器,Inplantable Cardioverter Defibrillator
ICF,細胞内液,Intracellular Fluid
ICH,頭蓋内圧亢進,Intracranial Hypertension
ICM,特発性心筋症,Idiopathic Cardiomyopathy
ICP,頭蓋内圧,Intracranical Pressure
IC-PC,内頚動脈後交通動脈,Internal Carotid-posterior Communicating Artery
ICPCG,心腔内心音図,intracardiac Phonocardiogram
ICS,刺激伝導系,Inpulse Conducting System
ICSI,卵細胞質内精子注入法,Intracytoplasmic Sperm Injection
ICT,インスリン昏睡療法,Insulin Coma Therapy
ICU,集中治療室,Intensive Care Unit
ICV,内大脳静脈,Internal Cerebral Vein
icv,脳脊髄腔内,Intracerebroventriculary
ID,感染症,Infectious Disease
I&D,切開排膿,Incision and Dreinage
id,皮内に,
IDA,鉄欠乏性貧血,Iron Deficiency Anemia
IDD,十二指腸腔内憩室,Intraluminal Duodenal Diverticulum
IDDM,インスリン依存型糖尿病,Insulin Dependent Diabetes Mellitus
IDL,中間型リポ蛋白,Intermediate Density Lipoprotein
IDM,糖尿病の妊婦から生まれた新生児,Infant of the Diabetic Mother
IDPA,特発性肺動脈拡張,Idiopathic Dilatation of Pulmonary Artery
IDS,免疫不全状態,Immunuty Deficiency State
IDUS,胆管内超音波検査,Intraductal Ultrasound
IDV,間歇性強制換気,Intermittent Demand Ventilation
IE,感染性心内膜炎,Infactive Edocarditis
I/E,吸気/呼気比,Inspiratory/Expiratory Time(ratio)
IEA,下腹壁動脈,Inferior Epigastric Artery
IEC,上皮内癌,Intraepithelial Carcinoma
IF,インターフェロン,Interferon
IFM,イホスファミド,Ifosfamide
IFN,インターフェロン,Interferoｎ
IFX,イホスファミド,Ifosfamide
Ig,免疫グロブリン,Immunoglobulin
IgA,免疫グロブリンA,Immunoglobulin　A
IgA-NP,IgA腎症,IgA Nephropathy
IgD,免疫グロブリンD,Immunoglobulin D
IGDM,糖尿病の妊婦から生まれた新生児,Infant of Gestational Diabetic Mothers
IgE,免疫グロブリンE,Immunoglobulin E
IgG,免疫グロブリンG,Immunoglobulin G
IGH,特発性滴状色素減少症,Idiopathic Guttate Hypomelanosis
IgM,免疫グロブリンM,Immunoglobulin M
IGN,下殿神経,Inferior Gluteal Nerve
IGT,耐糖能低下,Impaired Glicose Tolerance
IGTT,経静脈的糖負荷試験,IntraVenous Glicose Tolerance Test
IH,感染性肝炎,Infections Hepatitis
IHA,持続注入肝動脈血管造影(法）,Infusion Heoatic Angiography
IHD,虚血性心疾患,Ischemic Heart Disease
IHSS,特発性肥大性大動脈弁下狭窄（症）,Idiopathic Hypertrophic Subaortic Stenosis
II,黄疸指数,Icterus Index
IIA,内腸骨動脈,Internal Iliac Artery
IICP,頭蓋内圧亢進,Increased Intracranial Pressure
IIP,特発性間質性肺炎,Idiopathicb Interstitial Pneumonia
IL,インターロイキン,Interleukin
ILBBB,不完全左脚ブロック,Incomplete Left Bundle Branch Block
ILDL,中間型低比重リポ蛋白,Intermediate Low Density Lipopurotein
ILV,片側肺換気,Independent Lung Ventilation
IM,伝染性単核（球）症,Infectious Mononucleosis
IM、im,筋肉内の,Intramuscular、Intramuscularly
Im,胸部中部食道,Middle Intrathoracic
IMA,下腸間膜動脈,Inferior Mesenteric Artery
IMAG,内乳動脈冠状動脈吻合(術),Internal Mammary Artery Grafting
IMB,間歇的強制換気,Intermittent Mandatory Breathing
IMF,顎間固定術,Intermaxillary Fixation
IML,脊髄中間外側核,
immobil,固定する,immobilize
immun,免疫(法)、免疫性,immunization、immunity
IMP,イミプラミン,Imipramine
IPN/CS,イミペネム：シラスタチンナトリウム（チエナム）,Imipenem/Cilastatin Sodium(Tienam)
IMR,インターフェロン-β、ラニムスチンと放射線照射の併用療法,Interferon-beta、Ranimustine(MCNU)and Radiation
IMV,下腸間膜静脈,Inferior Mesenteric Vein
INAD,乳児神経軸索ジストロフィー,Infantile Neuroaxonal Dystrophy
Inc,切痕、切開（単数）,
Incc,切痕、切開(複数）,
IND,治験新薬,Invenstigational New Drug
INF,インターフェロン,Interferon
Inf、inf,浸剤,
inf,下方の,Inferior
infect,感染,Infection
INFH,特発性大腿骨頭壊死,Idiopathic Necrosis of the Femoral Head
inj,注射,Injection
INO,核間（眼筋）麻痺,Internuslear Ophthalmoplegia
IN/OUT,水分出納,Intake Output
INPB(V),間歇的陰圧呼吸法（換気法）,Intermittent Negative Pressure Breathing(ventilation)
Insp,吸気,Inspiration
int,内,Internal
IO,下斜筋,Inferior Oblique Muscle
I&O,(水分の）摂取と排泄量,Intake and Output
IOH(S),特発性起立性低血圧（症候群）,Idiopathic Orthostatic Hypotension(syndrome)
IOL,眼内レンズ,Intraocular Lens
IOP,眼圧,Intraocular Pressure
IORT,術中照射法,Intraoperative Radiation Therapy
IOU,集中観察室,Intensive Observation Unit
IP,イホスファミド、シスプラチンの併用化学療法,Ifosfamide、Cisplatin(CDDP)
IP、ip,腹腔内の,Intraperitoneal
IPAP,吸気時気道加圧,Inspiratory Positive Airway Pressure
IPD,間歇的腹膜透析法,Intermittent Peritonael Dialysis
IPDA,下膵十二指腸動脈,Inferior Pancreatico-Duodenal Artery
IPF,特発性肺線維症,Idiopathic Pulmonary Fibrosis
IPH,特発性肺ヘモジデリン沈着症,Idiopathic Pulmonary Hemosiderosis
IPHP,腹腔内温熱灌流法,Intraperitoneal Hyperthermic Perfusion
IPM,イミペネム,Imipenem
IPNPB,間歇的陽陰圧呼吸,Intermittent Positive Negative Pressure Breathing
IPNPV,間歇的陽陰圧換気,Intermittent Positive Negative Pressure Ventilation
IPPB,間歇的陽圧呼吸,Intermittent Positive Pressure Breathing
IPPR,間歇的陽圧呼吸,Intermittent Positive Pressure Respiration
IPPV,間歇的陽圧換気,Intermittent Positive Pressure Ventilation
IPV,不活化ポリオワクチン,Inactivated Poliovirus Vaccine
IQ,知能指数,Intelligence Quoteint
IR,内旋,Internal Rotation
IRA,回腸・直腸吻合(術）,Ileo-Rectal Anastomosis
IRBBB,不完全右脚ブロック,Incomplete Right Bundle Branch Block
IRCU,集中呼吸管理室,Intensive Respiratory Care Unit
IRDNI,特発性新生児呼吸障害,Idiopathic Resiratory Distress of the Newborn Infant
IRDS,新生児呼吸窮迫症候群,Infantil Respiratory Distress Syndrome
IRI,免疫反応性インスリン,Immunoreactive Insulin
IRSA,本態性不応性鉄芽球性貧血,Idiopathic Refractory Sideroblastic Anemia
IRV,吸気/呼気逆比換気,Inverse Ratio Ventulation
IS,特発性側彎症,Idiopathic Scoliosis
ISA,不規則性洞不整脈,Irregular Sinus Arrhythmia
ISD、ISDN、ISN,硝酸イソソルビド,Isosoebide Dinitrate
ISF,間質液,Interstitial Fluid
ISG,免疫血清グロブリン,Immune Serum Globulin
ISO,イソフルレン,Isofluren
ISS,外傷重症度スコア、傷害重症度,Injury Severity Score
IUR,初期心筋摂取率,Initial Myocardial Uptake Ratio
IT,髄腔内(注射),Intrathecal(injection)
ITA,内胸動脈,Internal Thoracic Artery
ITP,特発性血小板減少性紫斑病,Idiopathic Thrombocytopenic Purpura
ITT,インスリン負荷試験,Insulin Tolerance Test
IU,国際単位,International Unit
Iu,胸部上部食道,Upper Intrathorcic Esophagus
IU(C)D,子宮内(避妊)器具,Intrauterine(contraceptive)Device
IUFD,子宮内胎児死亡,Intrauterine Fetal Death
IUGR,子宮内胎児発育遅延,Intrauterine Growth Retardation
IUP,子宮内圧,Intrauterine Pressure
IUT,子宮内胎児輸血,Intrauterine Transfusion
IV,尋常性魚鱗癬,
IV、iv,静脈内の,Intravenous
IVBAT,血管内気管支肺胞上皮腫瘍,Intravascular Bronchioalveolar Tumor
IVC,下大静脈,Inferior Vena Cava
IVCD,心室内伝導遅延（障害）,Intraventricular Conduction Delay(defect)
IVCG,下大静脈造影（法）,Inferior Venacavography
IVCT,経静脈的冠状動脈血栓溶解療法,Intravenous Coronary Thrombolusis
IVF,体外受精,In Uitro Fertilization
IVGTT,経静脈性ブドウ糖負荷試験,Intravenous Glucpse Tolerance Test
IVH,経静脈性高カロリー輸液、中心静脈栄養,Intravenous Hyperalimentation
IVM,不随意運動,Involuntary Movement
IVP,静脈性腎盂造影(法),Intravenous Pyelography
IVS,心室中隔,Intraventricular Septum
IVST,心室中隔厚,Interventricular Septal Thickness
IVT、ivt,脳室内,Intraventricular
IW,不感蒸泄,Insensible Water
J,【ジュール】ジュール,Joule
JCCLS,若年性慢性骨髄性白血病,Juvenile type Chronic Myelocytic Leukemia
JDM,若年型糖尿病,JuvenileDiabetes Mellitus
JE（V）,日本脳炎（ウイルス）,Japanese Encephalitis
JEB,【ジェブ】接合型表皮水疱症,Junctional Epidermolysis Bullosa
JJ,顎反射,Jaw Jerk
Jｋ,キッド式血液型,Kidd blood type
JM,ジョサマイシン,Josamycin
JOD,若年型糖尿病,Juvenile Onset Diabetes mellitus
JP,若年性パーキソニズム,Juvenile Parkinsonism
JPC,房室接合部性期外収縮,Junctional Premature Contraction
JRA,若年性関節リウマチ,Juvenile Rheumatoid Arthritis
jt,関節,joint
JV,頸静脈,Jugular Veins
JVP,頸静脈波,Jugular Venous Pulse
K,【カリウム】カリウム,Klium（ラ）
kcal,【キロカロリー】キロカロリー、大カロリー,kilocalorie
KCS,乾性角結膜炎,Keratoconjunctivitis Sicca（ラ）
KCZ,ケトコナゾール,Ketokonazole
KDM,カネンドマイシン,Kanendomycin
kg,【キロギラム】キログラム,kilogram
17-KGS,17-ケト原生ステロイド,17-Ketogenic Steroids
KI,ヨードカリ,potassium [K]iodide
KID,【キッド】子山羊（角膜炎、魚鱗癬、難聴）症候群,Keratitis、Ichthyosis、Deafness(syndrome)
KIT,【キット】カーン知能検査,Kahn Intelligence Tests
KJ、kj,膝反射,Knee　Jerk
KM,カナマイシン,Kanamycin
km,ミカエリス定数,Michaelis　Constant
KOH,水酸化ナトリウム,potassium Hydroxide
KP,角膜後面沈着物,Keratic　Precipitates
KPE,ケルマン超音波白内障破砕吸引術,Kelman's　Phacoemulsification
17-KS,17-ケトステロイド,17-KetoSteroids
KSD,びまん性表層角膜炎,
KT,体温,
KTPP,進行性指掌角皮症,
KUB,腎・尿管・膀胱単純X線撮影,Kidney、Ureter and Bladder(X-ray examination)
L,側方の,Lateral
LA,局所麻酔,Local　Anesthesia
L/A,左房大動脈比,Left　Atrium/Aortic　Root　Ratio
LAA,左心耳,Left　Atrial　Appendage
LA/Ao,左心房大動脈径比,Left　Atrial　/　Aortic　Root　Ratio
Lab,実験室,Laboratory
LAC,肘からのギプス,Long-Arm　Cast
LAD,言語習得機能,Language　Acquisiton　Device
LAH,左脚前枝ブロック,Left　Anterior　Hemiblock
LAO,左前斜位像,Left　Anterior　Oblique
LAP,白血球アルカリホスファターゼ,Leukocyte　Alkaline　Phosphatase
Laparo,腹腔鏡検査,Laparoscopy
LAR,遅発型喘息反応,Late　Asthamatic　Response
LAS,肘からの副枝,Long-Arm　Splint
LAT,ラテックス凝集試験,Latex　Agglutination　Test
Lat,側方の,Lateral
Lat man,外側半月板切除術,Lateral　Meniscectomy
LBBB,左脚ブロック,Left　Bundle　Branch　Block
LBP,腰痛,Low　Back　Pain
LBWI,低出生体重児,Low　Birth　Weight　Infant
LC,意識障害,Loss of Consciousness
LC　５０,５０％致死濃度,Lethal　Concentration　５０
LCA,白血球関連抗原,Leukocyte　Common　Antigen
LCBF,局所脳血流,Local　Cerebral　Blood　Flow
LCC,先天性股関節脱臼,Luxatio　Coxae　Congenita（ラ）
LCCS,低子宮頸部帝王切開術,Low　Cervical　Ceasａren　Ｓｅｃｔｉｏｎ
LCOS,低心拍出量症候群,Low　Cardiac　Output　Syndrome
LCX,左（冠状動脈）回旋枝,Lefe　（Coronary　Aetery）Circumflex
LD,限局性病変,Limited　Disease
LDA,低吸収濃度域,Low　Density　Area
LDGL,リンパ球増多症,Lymphoproliferative　Disorders　ｏｆ　Ｇｒａｎｕｌａｒ　Ｌｙｍｐｈｏｃｙｔｅｓ
ＬＤＨ,腰椎椎間板ヘルニア,Lumbar　Ｄｉｓｃ　Ｈｅｒｎｉａｔｉｏｎ
ＬＤＬ,低比重リポ蛋白,Ｌｏｗ　Ｄｅｎｓｉｔｙ　Ｌｉｐｏｐｒｏｔｅｉｎ
ＬＤＬ－Ｃ,低比重リポ蛋白コレステロール,Ｌｏｗ　Ｄｅｎｓｉｔｙ　Ｌｉｐｏｐｒｏｔｅｉｎ　Ｃｈｏｌｅｓｔｅｒｏｌ
ＬＤ５０,５０％致死量,Ｍｅｄｉａｎ　Ｌｅｔｈａｌ　Ｄｏｓｅ
ＬＤ１００,１００％致死量,Ｉｎｖａｒｉａｂｌｙ　Ｌｅｔｈａｌ　Ｄｏｓｅ
ＬＥ,下肢,Ｌｏｗｅｒ　Ｅｘｔｒｅｍｉｔｙ
Ｌ／Ｅ,下肢,Ｌｏｗｅｒ　Ｅｘｔｒｅｍｉｔｙ
LFA,左前頭前位(胎位),Left Frontoanterior(position)
LFD,最小致死量,Least Fatal Dose
LFP,左前頭後位(胎位),Left Frontoposterior(position)
LFT,肝機能検査,Liver Function Test
LG,肢体型筋ジストロフィー,Limb-Girdle(muscular dystrophy)
LGA,在胎に比して軽い,Light for Gestational Age
LGEA,左胃大網動脈,Left Gastroepiploic Artery
LH,黄体形成ホルモン,Luteinzing Hormone、Luteotrop(h)in
LHA,左肝動脈,Left Hepatic Artery
LHB,左心バイパス,Left Heart Bypass
LHC,左心カテーテル法,Left Heart Catheterization
LHRH,黄体形成ホルモン放出ホルモン,Luteinizing Hormone Releasing Hormone
LHV,左肝静脈,Left Hepatic Vein
LI,レーザー虹彩切開(術),Laser Iridotomy
LIP,リンパ球性間質性肺炎,Lymphocytic Interstitial Pneumonia
Liq,リコール、液、髄液、脳脊髄液,Liquor Cerebrospinalis
LK,キーゼルバッハ部位,
LL,下眼瞼,Lower Lid
LLB,長下肢装具,Long Leg Brace
LLC,長下肢ギプス包帯,Long Leg Cast
LLD,脚長差,Leg Length Discrepancy
LLE,左下肢,Left Lower Extremity
LLL,左下肢,Left Lower Limb
LLQ,左下腹部,Left Lower Quadrant
LMA,左頤部前位(胎位),Left Mentoanterior(position)
LMN,下位運動ニューロン,Lower Motor Neuron
LMP,最終月経,Last Menstrual Period
LMT,左頤部横位(胎位),Left Mentotransverse(position)
LMWD,低分子デキストラン,Low Molecular Weight Dextran
LN,リンパ節,
LNMP,最終正常月経,Last Normal Menstrual Period
LOA,左前方後頭位(胎位),Left Occipitoanterior(position)
LOC,意識消失,Loss Of Consciousness
LOP,左後方後頭位(胎位),Left Occipitoposterior(position)
LOS,低拍出量症候群,Low (caediac) Output Syndrome
LP,腰椎穿刺,Lumbar Puncture
L-P,腰部くも膜下腔腹腔シャント,Lumbo-Peritoneal(shunt)
LPD,リピオドール,Lipiodol
LPH,左脚後枝ブロック,Left Posterior Hemiblock
LPM,最終月経,Last Period of Menstruation
LPO,左後斜位,Left Posterior Oblique
Lp-TAE,リピオドール動脈塞栓術,Lipiodol Transarterial Embolization
LQTS,QT延長症候群,Long QT Syndrome
LR,外直筋,Lateral Rectus(muscle)
LRD,低残渣食,Low residue Diet
LRS,乳酸加リンゲル,Lactated Ringer's Solution
LSA,左仙骨前位(胎位),Left Sacroanterior(position)
LScA,左肩甲骨前位(胎位),Left Scapulo Anterior(position)
LScP,左肩甲骨後位(胎位),Left Scapulo Posterior(position)
LSCS,腰部脊柱管狭窄(症),Lumbar Spinal Canal Stenosis
LScT,左肩甲骨横位(胎位),Left Scapulo Transverse(position)
LSO,左側付属器摘出(術),Left Salpingo-Oophorectomy
LSP,左仙骨後位(胎位),Left Sacroposterior (position)
L-spine,腰椎,Lumbar Spine
LSS,腰部脊柱管狭窄症,Lumbar Spinal Stenosis
LST,左仙骨横位(胎位),Left Sacrotransverse(position)
LSTI,左室収縮時間比,Left Systolic Time Interval
LSVC,左上大静脈,Left Superior Vena cava
LT,ロイコトリエン,Leukotriene
LTA,喉頭気管麻酔,Laryngoyracheal Anesthesia
LTC,肺胸郭コンプライアンス,Lung Thorax Compliance
LTH,黄体刺激ホルモン,Luteotropic Hormone
LUL,左肺上葉、左肺上葉切除(術),Left Upper Lobe of Lung、Left Upper Lobectomy
LV,左心室,Left Ventricle
LVAD,左室補助装置,Ventricular Asist Device
LVAS,左心補助装置,Left Ventricular Asist System
LVD,左室径,Left Ventricular Diameter(dimension)
LVDd、LVEDD,左室拡張終(末)期径,Left Ventricular End-Diastolic Diameter(dimension)
LVDs、LVESD,左室収縮終(末)期径,Left Ventricular End-Systolic Diameter(dimension)
LVEDP,左室拡張終(末)期圧,Left Ventricular End-Diastolic Pressure
LVEDV,左室拡張終(末)期容量,Left Ventricular End-Diastolic Volume
LVEF,左室駆出分画,Left Ventricular Ejection Fraction
LVESP,左室収縮終(末)期圧,Left Ventricular End-Systolic Pressure
LVESV,左室収縮終(末)期容量,Left Ventricular End-Systolic Volume
LVET,左室駆出時間,Left Ventricular Ejection Time
LVG,左室造影(法),Left Ventriculography
LVH,左室肥大,Left Ventricular Hypertrophy
LV mass,左室体積,Left Ventricular Mass
LV out,左室流出路,Left Ventricular Outflow Tract
LVMDP,左室平均拡張期圧,Left Ventricular Mean Diastolic Pressure
LVOT,左室流出路,Left Ventricular Outflow Tract
LVOTD,左室流出路径,Left Ventricular Outflow Tract Dimension
LVPW,左室後壁,Left Ventricular Posterior Wall
LVSW,左室１回仕事量,Left Ventricular Stroke Work
LVSWI,左室１回仕事量係数,Left Ventricular Stroke Work Index
LVV,左室容量,Left Ventricular Volume
L&V,健在,Living and Well
Ｍ,悪性,Ｍａｌｉｇｎａｎｔ
ＭＡ,運動性失語症,Ｍｏｔｏｒ　Ａｐｈａｓｉａ
ＭＡＡＳ,過度羊水吸引症候群,Ｍａｓｓｉｖｅ　Ｍｍｎｉｏｎ　Ａｓｐｉｒａｔｉｏｎ　Ｓｙｎｄｒｏｍｅ
ＭＡＣ,最小肺胞内濃度,Ｍｉｎｉｍｕｍ　Ａｌｖｅｏｌａｒ　Ｃｏｎｃｅｎｔｒａｔｉｏｎ
ＭＡＤ,最大許容線量,Ｍａｘｉｍｕｍ　Ａｌｌｏｗａｂｌｅ　Ｄｏｓｅ
ＭＡＨＣ,悪性腫瘍随伴性高カルシウム血症,Ｍａｌｉｇｎａｎｃｙ　Ａｓｓｏｃｉａｔｅｄ　Ｈｙｐｅｒｃａｌｃｅｍｉａ
ＭＡＰ,僧帽弁輪形成術,Ｍｉｔｒａｌ　Ａｎｎｕｌｏｐｌａｓｔｙ
ＭＡＳ,胎便吸引症候群,Ｍｅｃｏｍｉｕｍ　Ａｓｐｉｒａｔｉｏｎ　Ｓｙｍｄｒｏｍｅ
ＭＡＴ,多源性心房性頻脈,Ｍｕｌｔｉｆｏｃａｌ　Ａｔｒｉａｌ　Ｔａｃｈｙｃａｒｄｉａ
ＭＢ、Ｍｂ,ミオグロビン,Ｍｙｏｇｌｏｂｉｎ
ＭＢＣ,最大換気量,Ｍａｘｉｍｕｍ　Ｂｒｅａｔｈｉｎｇ　Ｃａｐａｃｉｔｙ
ＭＢＤ,微細脳損傷,Ｍｉｎｏｒ　Ｂｒａｉｎ　Ｄａｍａｇｅ
ＭＢＰ、ｍＢＰ,平均血圧,Ｍｅａｎ　Ｂｌｏｏｄ　Ｐｒｅｓｓｕｒｅ
ＭＣＡ,中大脳動脈,Ｍｉｄｄｌｅ　Ｃｅｒｅｂｒａｌ　Ａｒｔｅｒｙ
ＭｃＢ,マックバーニ圧痛点,ＭｃＢｕｒｎｅｙ'ｓ　（Ｐｏｉｎｔ）
ＭＣＣ,平均赤血球ヘモグロビン濃度,Ｍｅａｎ　Ｃｏｒｏｕｓｃｕｌａｒ　Ｈｅｍｏｇｌｏｂｉｎ　Ｃｏｎｃｅｎｔｒａｔｉｏｎ
ＭＣ　Ｆｌａｐ,筋皮弁,Ｍｕｓｃｕｌｏｃｕｔａｎｅｏｕｓ　Ｆｌａｐ
ＭＣＨＣ,平均赤血球ヘモグロビン濃度,Ｍｅａｎ　Ｃｏｒｏｕｓｃｕｌａｒ　Ｈｅｍｏｇｌｏｂｉｎ　Ｃｏｎｃｅｎｔｒａｔｉｏｎ
ＭＣＬＳ,急性皮膚粘膜リンパ節症候群・川崎病,Ｍｕｃｏｃｕｔａｎｅｏｕｓ　Ｌｙｍｐｈ　Ｎｏｄｅ　Ｓｙｎｄｒｏｍｅ
ＭＣＴ,平均循環時間,Ｍｅａｎ　Ｃｉｒｃｕｌａｔｉｏｎ　Ｔｉｍｅ
ＭＤ,医師・医学博士,Ｍｅｄｉｃａｌ　Ｄｏｃｔｏｒ
ＭＤ５０,５０％有効量,Ｍｅａｎ　Ｅｆｆｅｃｔｉｖｅ　Ｄｏｓｅ
ＭＤＣ,最大拡散能力,Ｍａｘｉｍａｌ　Ｄｉｆｆｕｓｉｎｇ　Ｃａｐａｃｉｔｙ
ＭＤＩ,躁うつ病,Ｍａｎｉｃ－Ｄｅｐｒｅｓｓｉｖｅ　Ｉｌｌｎｅｓｓ
ＭＤＲ,一日最低必要量,Ｍｉｎｉｍｕｍ　Ｄａｉｌｙ　Ｒｅｑｕｉｒｅｍｅｎｔ
ＭＤＲＴＢ,多剤耐性結核,Ｍｕｌｔｉｐｌｅ　Ｄｒｕｇ　Ｒｅｓｉｓｔａｎｃｅ　Ｔｕｂｅｒｃｕｌｏｓｉｓ
ＭＥＤ,最小有効量,Ｍｉｎｉｍｕｍ　Ｅｆｆｅｃｔｉｖｅ　Ｄｏｓｅ
ＭＥＦ,最大呼気流量,Ｍａｘｉｍａｌ　Ｅｘｐｉｒａｔｏｒｙ　Ｆｌｏｗ
ＭＥＦＲ,最大呼気速度,Ｍａｘｉｍａｌ　Ｅｘｐｉｒａｔｏｒｙ　Ｆｌｏｗ　Ｒａｔｅ
ＭＥＦＶ,最大努力性呼気流量,Ｍａｉｍａｌ　Ｅｘｐｉｒａｔｏｒｕ　Ｆｌｏｗ　Ｖｏｌｕｍｅ
ＭＥＧ,脳磁図,Magnetoencepalogram
MEP,最大呼気圧,Maximal　Expiratory　Pressure
MES,最大眼球速度,Maximal　Eyes　Speed
ｍｅｔａ,癌の転位,Ｍｅｔａｓｔａｓｉｓ
ＭＥＴＴ,最大負荷試験,Ｍａｘｉｍｕｍ　Ｅｘｅｒｃｉｓｅ　Ｔｏｌｅｒａｎｃｅ　Ｔｅｓｔ
ＭＦ,マイトマイシンＣとフルオロウラシルの併用化学療法,Ｍｉｔｏｍｙｃｉｎ　Ｆｌｕｏｒｏｕｒａｃｉｌ
MFD,最小致死量,Minimum Fetal Dose
MFP,循環系平均充満圧,Mean Circulatory Filling Pressure
MFT,運動機能テスト,Motor Function Test
MG,重症筋無力症,Myasthenia Gravis
Mg,マグネシウム,Magnesium
MGN,膜性糸球体腎炎,Membranous Glomerulonephritis
MH,悪性高体温症、悪性高熱症,Malignant Hyperthermia
MHV,中肝静脈,Middle Hepatic Vein
MI,心筋梗塞,Myocardial Infarction
MICU,ドクターカー,Mobile Intensive Care Unit
MID,多発梗塞性痴呆,Multi-Infarct-Dementia
MIF,最大吸気流量,Maximum Inspiratory Flow
MIP,最大吸気圧,Maximum Inspiratory Pressure
ML,悪性リンパ腫,Malignant Lymphoma
MLD,最小致死量、最低致死量,Minimum Lethal Dose
MLG,脊髄腔造影(法),Myelography
MLNS,急性皮膚粘膜リンパ節症候群、川崎病,(acute)Mucocutaneous Lymphnode Syndrome
MM,悪性黒色腫,Malignant Melanoma
MMC,マイトマイシンＣ,Mitomycin C
MM(E)F,最大中間呼気流量,Maximal Midexpiratory Flow
MMFR,最大中間呼気流速,Maximum Midexpiratory Flow Rate
MMR,麻疹、おたふくかぜ(流行性耳下腺炎)、風疹の混合ワクチン,Measles-Mumps-Rubella(vaccine)
MMST,簡易知能試験,Mini-Mental State Test
MMT,徒手筋力テスト,Manual Muscle Testing
MMV,強制分時換気量,Mandatory Minute Volume
MOD,成人型糖尿病,Maturity Onset Diabetes Mellitus
MODS,多臓器不全症候群,Multiple Organ Dysfunction Syndrome
MODY,小児成人型糖尿病,Maturity Onset Diabetes Mellitus og Young People
MOF,多臓器不全,Multiple Organ Failure
MOI,感染多重度,Mutiplicity of Infection
mol,モル,Mole
Mole,胞状奇胎,
mortal,死亡率,Mortality
MPA,主肺動脈,Main Pulmonary Artery
mPAP,平均肺動脈圧,Mean Pulmonary Arterial Pressure
MPC,最大許容濃度,Maximum Permissible Concentration
MPI,心筋血流像(イメージング),Myocardial Perfusion Imaging
M・pn,マイコプラズマ肺炎,Mycoplasma Pneumonia
MPV,門脈本幹,Main Portal Vein
MR,医療情報担当者,Medical Representative
MRA,悪性関節リウマチ,Malignant rheumatoid Arthritis
MRDM,栄養障害関連糖尿病,Malnutrition Related Diabetes Mellitus
MRF,中脳網様体,Mesencephalic Reticular Formation
MRI,磁気共鳴撮像法,Magnetic Resonance Imaging
MRM,おたふくかぜ(流行性耳下腺炎)、風疹、麻疹3種混合ワクチン,Mumps.Rubella and Measles(vaccine)
mRNA,伝令リボ核酸、メッセンジャーRNA,Messenger Ribonucleic Acid
mRNP,伝令リボ核蛋白、メッセンジャーRNP,Messenger Ribonucleoprotein
MRS(A),メチシリン耐性黄色ブドウ球菌,Methicillin-Resistant Staphylococcus (Aureus)
MRV,分時呼吸量,Minute Respiratory Volume
MS,精神状態,Mental Status
MSI,僧帽弁狭窄兼閉鎖不全症,Mitral Stenoinsufficiency
MSR,僧帽弁狭窄兼閉鎖不全症,Mitral Stenoregurgitation
MSSA,メチシリン感受性黄色ブドウ球菌,Methicillin-Sensitive Staphylococcus Aureus
MST,50％生存期間,Median Survival Time
MSUD,メープルシロップ尿症,Maple Syrup Urine Disease
MSVR,最大胃液分泌量,Maximal Secretion Volume Rate
MSW,医療ソーシャルワーカー,Medical Social Worker
MT,母体搬送,Maternal Transport
MTX,メトトレキサート,Methotrexate
MV,機械的人工換気,Mechanical Ventilation
MVA,僧帽弁弁口面積,Mitral Valve Area
MVD,微小血管神経減圧法,Microvascular Decompression
MVO,心室中部閉塞症,Midventricular Obstruction
MVP,僧帽弁逸脱(症),Mitral Valve Prolapse
MVR,僧帽弁置換(術),Mitral Valve Replacemant
MVV,最大換気量,Maximal Voluntary bVentilation
My,近視,Myopia
Myelo,脊髄造影,Myelography
N,好中球,Neutrophilic　Leukocyte
NA,壊死性血管炎,Necrotizing　Angiitis
NAA,異常なし,No　Apparent　Abnormalities
NAD,検査異常なし,Nothing　Abnormal　Detected
NAｄ,ノルアドレナリン,Noradrenaline
NANB、NANAH,非A非B型肝炎,Non-A　Non-B肝炎Hepatitis
NANDA,北米看護診断協会,North　American　Nursing　Diagnosis　Association
NAP,好中球アルカリフォスファターゼ,Neutrophil　Alkaline　Phosphatase
NB,神経芽腫,Neuroblastoma
N-B,鼻・胆道チューブ,Naso-Biliary（Tube)
NBAS,新生児行動評価,Newbone　Behavioral　Assessment　Scale
NBM,経口摂取不可,Nothing　By　Mouth
NBN,新生児室,Newborn　Nursery
NBTE,非細菌性血栓性心内膜炎,Non-Bacterial　Thrombotic　Endocarditis
NC,訴えなし,No　Complaints
NCC,無冠状動脈弁尖,Non　Coronary　Cusp
NCCHD,非チアノーゼ性先天性心疾患,Non-cyanotic　Congenital　Heart　Disease
NCE,非痙攣性てんかん,Nonconvulsive　Epilepsy
N-CPAP,経鼻持続的陽圧呼吸,Nasal　Continuous　Positive　Aiｒway　Pressure
NCU,神経疾患集中治療室,Neurologic　（Intensive)　Care　Unit
ND,看護診断,Nursing　Diagnosis
NDI,腎性尿崩症,Nephrogenic　Diabetes　Inspidus
NE,ノルエピネフリン,Norepinephrine
NF,神経線維腫症,Neurofibromatosis
NEC,壊死性腸炎,Necrotizing Enterocolitis
NEEP,呼気終末陰圧,Negative　End-Expiratory　Pressure
neg,陰性の,Negative
Neutro,好中球,Neutrophilic　Leukocyte
NF,中性脂肪,Neutral　Fat
NG,腎造影法,Nephrography
NGB,神経因性膀胱,Neurogenic　Bladder
NHC,非ケトン高浸透圧性昏睡,Non-Ketotic　Hyperosmolar　Coma
NHL,非ホジキンリンパ腫,Non-Hodgkin's　Lymphoma
NHP,非ヘモグロビン蛋白,Non-Hemoglobin　Proteins
NICU,神経疾患集中管理室,Neurologic　Intensive　Care　Unit
NIDDM,インスリン非依存型糖尿病,Non-insulin-Dependent Diabetes Mellitus
NK,NK(ナチュラルキラー)細胞,Natural Killer(cell)
NL,正常範囲,Normal Limits
NLA,ニューロレプト麻酔、神経遮断麻酔、神経弛緩麻酔,Neuroleptanesthesia(analgesia)
NLD,糖尿病性脂肪類壊死症,
NLE,新生児エリテマトーデス,Neonaral Lupus Erythematosus
NLP,失明、視力零,No Light Perception
NM,核医学,Nuclear Medicine
NMR,核磁気共鳴,Nuslear Magnetic Resonance
NN,神経鞘腫,Neurinoma
NO,笑気,Nitrous Oxide
NP,鼻ポリープ,Nasal Polyp
NPC,鼻咽頭癌,Nasopharygeal Carcinoma
NPH,NPHインスリン、中間型インスリン,Neutral-Protamine-Hagedorn(insulin)
NR,正常範囲,Normal Range
NS(S),生理食塩水,Normal Saline(solution)
NSAID,非ステロイド系抗炎症剤,Non-Steroidal Anti-Inflammatory Drug
NSD,経膣自然分娩,Normal Spontaneous Delivery
NSR,正常洞調律,Normal Sinus Rhythm
NST,ノンストレステスト,Non Stress Test
NTG,ニトログリセリン,Nitroglycerin
NTP,常温１気圧,Normal Temperature and Pressure
N&V,悪心、嘔吐,Neusea and Vomiting
Ny,眼振,Nystagmus
O,酸素,Oxygen
OA,後頭動脈,Occipital
OAC,直視下大動脈弁交連切開（術）,Open Aortic Commissurotomy
OALL,前縦人体骨化症,Ossification of Anterior Longitudinal Ligament
OA-PICA,後頭動脈・後下小脳動脈吻合（術）,Occipital Artery-Posterior Inferior Cerebellar Artery(anastomosis)
OB,潜血,Occult Blood
Ob,斜位,Oblique
OBD,器質性脳疾患,Organic Brain Disease
OBS,器質性脳症候群,Organic Brain Syndrome
OC,経口避妊薬,Oral Contraceptive
O＆C,発症と経過,Onset and Course
OCD,強迫性障害,Obsessive-Compulsive Disorder
OCG,経口胆嚢造影（法）,Oral Cholecystography
OCT,オキシトシン負荷試験,Oxytocin Challenge Test
OCU,分娩監視装置,Obstetric Care Unit
OCV,硝子体混濁,Opacitas Corporis Vitrei(ラ)
OD,起立性調節障害,Orthostatic Dysregulation
ODA,右前方後頭位（胎位）,Occipitodextra Anterior(position)
ODC,酸素解離曲線,Oxygen Dissociation(saturation)Curve
OEF,酸素摂取率,Oxygen Extraction Fraction
OER,酸素増感比,Oxygen Enhancement Ratio
OGI,骨形成不全症,Osteogenesis Imperfecta
OGTT,経口ブドウ糖負荷試験,Oral Glucose Tolerance Test
OH,起立性低血圧（症）,Orthostatic Hypotension
OHP,高圧酸素療法,Oxygen of Hyperbaric Pressure、Oxygen under High Pressure
OI,オキシトシン分娩誘導,Oxytocin Induction
OICU,産科集中監視室,Obstetric Intensive Care Unit
Oint,軟膏,Ointment
OKN,視運動性眼振,Optokinetic Nystagmus
OLA,左頭前方位（胎位）,Occipitolevoanterior(position)
OLF,黄色靭帯骨化（症）,Ossification of Ligamentum Flavum
OLP,左後頭後方位（胎位）,Occipitolevoposterior(position)
OLT,左後頭横位（胎位）,Occipitolevotransverse(position)
OM,鈍縁枝,Obtuse Marginal(coronary artery)
OMC,直視下僧帽弁交連切開（術）,Open Mitral Commissurotomy
OMD,器質性精神疾患,Organic Mental Disorder
OME,滲出性中耳炎,Otitis Media with Effusion
OMI,陳旧性心筋梗塞,Old Myocardial Infarction
OP,浸透圧,Osmotic Pressure
ope,手術,Operation
OPLL,後縦靭帯骨化（症）,Ossification of Posterior Longitudinal Ligament
OPV,経口ポリオワクチン,Oral Polio Vaccine
OR,オッズ比,Odds Ratio
ORIF,観血的整復と内固定,Open Reduction and Internal Fixation
OS,後頭仙骨位（胎位）,Occipitosacral (position)
OSAS,閉塞性睡眠時無呼吸症候群,Obstructive Sleep Apnea Syndrome
osteo,骨髄炎,Osteomyelitis
OT,見当識検査,Orientation Test
OTCA,術中経管的冠状動脈形成（拡張）術,Operative Transluminal Coronary Angioplasty
Ova Ca,卵巣癌,Ovarian Carcinoma
OYL,黄色靭帯骨化症,Ossification of Yellow Ligament
P,圧,Pressure
PA,悪性貧血,Pernicious Anemia
P&A,打診と聴診,Percussion and Ausculation
PAB,肺動脈絞扼術,Pulmonary Artery Banding
PAC,心房期外収縮,Premature Atrial Contractions
PACE,コミュニケーション能力測定法,Promoting Aphasics' Communication Effectiveness
PACO2、PAco2,肺胞気二酸化炭素分圧,Partial Pressure of Alveolar Carbon Dioxide
PaCO2、Paco2,動脈血二酸化炭素分圧,Partial Pressure of Arterial Carbon Dioxide
PACS,（医用）画像管理システム,Picture Archiving and Communication System
PACU,麻酔後回復室,Post Anesthesia Care Unit
PADP,肺動脈拡張終（末）期圧,Pulmonary Arterial Diastolic Pressure
PAｆ,発作性心房細動,Paroxymal Atrial Fibrillation
PAG,骨盤内血管撮影（法）,Pelvic Angiography
PAH,妊娠高血圧症,Pregnancy Associated Hypertension
pal,動悸,Palpitation
PAO2,肺胞気酸素分圧,Partial Pressure of Oxygen in Alveoli
PaO2,動脈血酸素分圧,Partial Pressure of Arterial Oxygen
PAOP,肺動脈閉塞圧,Pulmonary Artery Occlusion Pressure
PAP,肺動脈圧,Pulmonary Artery Pressure
PAP、Pap,パパニコロー染色法,Papanicolaou Staining
PAPVC,部分肺静脈還流異常（症）,Partial Anomalous Pulmonary Venous Connection
PAPVD,部分肺静脈還流異常（症）,Partial Anomalous Pulmonary Venous Drainage
PAPVR,部分肺静脈還流異常（症）,Partial Anomalous Pulmonary Venous Return
PAR,肺小動脈抵抗,Pulmonary Arteriolar Resistance
para,対麻痺,Paraplegia
parox,発作の、痙攣の,Paroxysmal
PASG,ショックパンツ,Pneumatic Antishock Garment
PAT,血小板凝集試験,Platelet Aggregation Test
Paw,気道内圧,Airway Pressure
PAWP,肺動脈楔入圧,Pulmonary Artery Wedge Pressure
PB,期外収縮,Premature Beat
PB、Pｂ,大気圧,Barometric Pressure
Pb,鉛,Plumbum
PBF,肺血流量,Pulmonary Blood Flow
PC,褐色細胞腫,Pheochromocytoma
PC、Pca,前立腺癌,Prostatic Carcinoma
PC(A),後交通動脈,Posterior Communicating
PCA,患者による除痛管理,Patient Controlled Analgesia
PCF,咽頭結膜熱,Pharyngoconjunctival Fever
PCG,心音図,Phonocardiogram
PC-HLA,濃厚血小板HLA,Platelet Concentrate HLA
PC-IOL,後房レンズ,Posterior Chamber Intraocular Lens
PCL,後十字靭帯,Posterior Cruciate Ligament
PCN,経皮的腎瘻造設術,Percutaneous Nephrostomy
PCO,一酸化炭素分圧,Carbon Monoxide Pressure
PCO2,二酸化炭素分圧,Partial Pressure of Carbon Dioxide
Pcom(A),後交通動脈,Posterior Communicating(artery)
PCP,肺毛細血管圧,Pulmonary Capillary Pressure
PCPS,経皮的簡易人工肺,Percutaneous Dardiopulmonary Support
PCS,門脈下大静脈吻合(術),Portacaval Shunt
PCU,緩和ケア病棟,Palliative Care Unit
PCV,圧調節式人工換気,Pressure Controlled Ventilation
PCWP,肺毛細血管楔入圧,Pulmonary Capillary Wedge Pressure
PD,冠状動脈後下行枝,Posterior Descending Coronary Artery
PDA,動脈管開存(症),Patant Ductus Arteriosus
PDR,増殖型糖尿病網膜症,Proliferative Diabetic Retinopathy
PDS,胎盤機能不全症候群,Placental Dysfunction Syndrome
PE,血漿交換,Plasma Exchange
PECO2,呼気二酸化炭素分圧,Mixed Expired CO2 Tension
PEEP,呼気終末期陽圧呼吸,Positive End-Expiratory Pressure
PEF,最大呼気流量,Peak Expiratory Flow
PEFR,最大呼気速度,Peak Expiratory Flow Rate
PEG,気脳造影(法),Pneumoencephalography
PEP/(V)ET,心室駆出前期/駆出時間比,Preejection Period/Ventricular Ejection Time
PER,最大駆出率,Peak Ejection Rate
Pes,食道内圧,Esophageal Pressure
PET,陽電子放出形CT、ポジトロンエミッションCT,Positron Emission(computerized)Tomography
PFO,卵円孔開存,Patent Foramen Ovale
PFR,最大充満速度,Peak Filling Rate
PFT,肺機能検査,Pulmonary Function Test
PG,プロシタグランジン,Prostaglandin
PH,既往歴,Past History
PHC,光凝固,Photocoagulation
PhC,セメント充填,Phosphate Cemant Filling
PI,現病歴,Present Illness
PIB,部分回腸バイパス術,Partial Ileal Bypass
PICA,後下小脳動脈,Posterior Inferior Cerebellar Artery
PICU,周産期集中治療室,Perinatal Intensive Care Unit
PID,骨盤内炎症性疾患,Pelvic Inflammatory Disease
PIH,妊娠性高血圧,Pregnancy Induced Hypertension
PIO2,吸入気酸素分圧,Inspiratory O2 Pressure
PIP,最大吸気圧,Peak Inspiretory Pressure
PK,膵癌,Pankreaskrebs
PKK,膵頭部癌,
PKN,パーキンソン症候群,Parkinsonism
PKU,フェニルケトン尿症,Phenylketonuria
PL,後側壁枝,Poterolateal Artery(branch)
Plat,血小板,Platelet
PLE,胸膜,Pleura
PLF,後側方固定(術),Posterolateral Fusion
PLIF,後方経路腰椎椎体間固定(術),Posterior Lumbar Interbody Fusion
PLT,血小板,Platelet
PM,ペースメーカー,Pacemaker
Pm,平均血圧,Mean Blood Pressure
Pmax,最高圧,Maximum Pressure
PMD,原発性心筋(症),Primary Myocardial Disease
PM/DM,多発性筋炎/皮膚筋炎,Polymyositis/Dermatomyositis Complex
PMI,術中心筋梗塞,Perioperative Myocardial Infaection
PML,僧帽弁後尖,Posterior Mitral Leaflet
PMS,閉経期後症候群,Postmenopausal Syndrome
PN,腎盂腎炎,Pyelonephritis
PNI,癌神経周囲浸潤,Perineural Invasion
PNPB,陽陰圧呼吸法,Positive Negative Pressure Breathing
PNPV,(自動)陽陰圧呼吸装置,Positive Negative Pressure Ventilator
PNS,副交感神経系,Parasympathetic Nervous System
Pnx,気胸,Pneumothorax
PO,術後,Post Operative
PO、po,口から(摂取する)、経口的,
PO2,酸素分圧,Partial Pressure of Oxygen
POD,術後日,Post Operetive Day
POS,問題指向型システム,Problem-Oriented System
post,後の、後方へ,Posterior
PP,灌流圧,Perfusion Pressure
Pp,血漿蛋白,Plasma Protein
Ppa,肺動脈圧,Pulmonary Arterial Pressure
PPB,陽圧呼吸,Positive Pressure Breathing
PPC,心嚢気腫,Pneumopericardium
PPF,血漿蛋白分画,Plasma Protein Fraction
PPG,幽門輪保存胃切除(術),Pylorus Preserving Gastrectomy
PPH,原発性肺高血圧(症),Primary Pulmonary Hypertension
PPHD,蛋白漏出性血液透析(法),Protein-Permeating Hemodialysis
PPHDF,蛋白漏出性透析濾過(法),Protein-Permeating Hemodiafiltration
PPHN,新生児遷延性肺高血圧症,Persistent Pulmonery Hypertension of the Newborn
PPI,プロトンポンプ阻害薬,Proton Pump Inhibitor
Ppl,胸腔内圧,Intrapleural Pressure
PPPD,全胃幽門輪温存膵頭十二指腸切除(術),Pylorus-Preserving Pancreatoduodenectomy
PPT,血漿プロトロンビン時間,Plasma Prothrombin Time
PPV,陽圧換気,Positive Pressure Ventilation
PQ,房室伝導時間,Atrio-Ventricular Conduction(time)
PR,骨盤動揺,Pelvic Rock
preg,妊娠,Pregnancy
pre-medi,前投薬,Preanesthetic Medication
PROM,前期破水,Premature Rupture of the Membranes
PS,収縮期圧,Pressure Systolic
PSG,睡眠脳波検査,Polysomnogram
PSH,脊髄麻酔後頭痛,Post Spinal Headache
PSI,肺動脈狭窄閉鎖不全,Pulmonic Steno-Insufficiency
PSP,フェノールスルホンフタレイン,Phenolsulfonphthalein(phenol red)
PSR,肺動脈弁狭窄兼閉鎖不全症,Pulmonary Stenosis and Regurgitation
PSS,生理食塩水,Physiological Saline Solution
PST,パンクレオザイミン・セクレチン試験,Pancreozymin-Secretin Test
PSV,圧補助換気法,Pressure Spport Ventilation
PSVT,発作性上室性頻拍,Paroxysmal Supraventricular Tachycardio
PT,錐体路,Pyramidal Tract
Pt、pt,患者,Patient
PTA,経皮的血管拡張(術),Percutaneous Transluminal Angiodilatation
PTCA,経皮的冠状動脈形成(術),Percutaneous Transluminal Coronary Angioplasty
PTCD,経皮的肝胆道ドレナージ,Percutaneous Transhepatic Cholangioldrainage
PtcO2,経皮酸素分圧,Partial Pressure of Transcutaneous Oxygen
PTCR,経皮的冠状動脈血栓溶解療法,Percutaneous Translumonal Coronary Recanalization
PTE,肺動脈血栓塞栓(症),Puimonary Thromboembolism
PTGBD,経皮経肝胆嚢ドレナージ,Percutaneous Transhepatic Gallbladder Drainage
PTH,輸血後肝炎,Posy-Transfusion Hepatitis
PTLS,副甲状腺ホルモン様物質,Parathormonelike Subtrance
PTMC,経皮的経静脈的僧帽弁交連切開(術）,Percutaneous Transluminal Mitral Commissurotomy
PTN,錐体路ニューロン,Pyramidal Tract Neuron
PTO,経皮経肝(食道静脈瘤)塞栓(術),Percutaneous Transhepatic Obliteration(of Gastroesophageal varices)
PTP,経皮経肝的門脈造影(法),Percutaneous Transhepatic Portography
PTR,膝蓋腱反射,Patellar Tendon Reflex
PTSD,外傷後ストレス病,Post-Traumatic Stress Disorder
PTX,気胸,Pneumothorax
PV,肺静脈,Pulmonary Vein
P-V,腹腔静脈シャント,Peritoneo-Venous(shunt)
PVC,心室期外収縮,Premature Ventricular Contraction
PvCO2,混合静脈二酸化炭素分圧,Mixed Venous Carbon Dioxide Pressure
PVE,人工弁心内膜炎,Prosthetic Valve Endocarsitis
PVG,気脳室造影(法）,Pneumoventriculography
PVH,脳室周囲出血,Periventricular Hemoyyhage
PVN,末梢静脈栄養,Peripheral Venous Nutrition
PVO,肺静脈閉塞,Pulmonary Venous Obstruction
PvO2,混合静脈酸素分圧,Mixed Venous Oxygen
PVOD,肺血管閉塞性病変,Pulmonary Vascular Obstructive Disease
PVR,肺血管抵抗,Pulmonary Vascular Resistance
PVT,発作性心室頻拍,Paroxysmal Ventricular Tachycardia
PX,身体検査,Physical Examination
Px,既往歴,Past History
Q,Q熱（Qは疑問の意味）,Q fever
QOL,生命の質、生活の質,Quality Of Life
Qp/Qs,肺体血流比,Pulmonary Blood Flow/Systemic Blood Flow Ratio
QT,クイック試験,Quick Test
quad,四肢麻痺,Quadriplegic
R,R波,R-wave
RA,安静時狭心症,Rest Angina
Ra,上部直腸,Rectum above the peritoneal reflection
RAA,右心耳,Right Atrial Appendage
RAD,右軸偏位,Right Axis Deviation
Rad、Rad Ther,放射線治療,Radiotherapy
rad op,根治手術,Radical Operation
RAG,腎動脈造影（法）,Renal Arteriography
RAHA,リウマチ血球凝集試験,Rheumatoid Arthritis Hemagglutination Test
RAMC flap,腹直筋皮弁,Rectus Abdominis Musculocutaneous Flap
RAO,右前斜位,Right Anterior Oblique
RAP,右房圧,Right Atrial Pressure
RARS,鉄芽球性不応性貧血,Refractory Anemia with Ringed Sideroblasts
RAS,腎動脈狭窄,Renal Artery Stenosis
Raw,気道抵抗,Airway Resistance
RB,腎生検,Renal Biopsy
Rb,下部直腸,Rectum Below the Peritoneal Reflection
RBBB,右脚ブロック,Right Bundle Branch Block
RBC、rbc,赤血球（数）,Red Blood Cell(count)
RBF,腎血流量,Renal Blood Flow
RC,呼吸中枢,Respiratory Center
RCA,右冠状動脈,Right Coronary Artery
Rca,直腸癌,Rectal Cancer
rCBF,局所脳血流量,Regional Cerebral Blood Flow
RCC,腎細胞癌,Renal Cell Carcinoma
RCG,心放射図,Radiocardiogram
RCIT,赤血球鉄代謝,Red Cell Iron Turnover
RCM,拘束型心筋症,Restrictive Cardiomyopathy
RCT,腱索断（破）裂,Ruptured Chordae Tendineae
RCU,呼吸集中治療室,Respiratory Care Unit
RCV,赤血球容積,Red Cell Volume
RD,呼吸窮迫,Respiretory Distress
RDS,呼吸窮迫症候群,Respiretory Distress Syndrome
ref,反射,Reflex
reg,規則的,Regular
REGAP,食道胃後上行枝,Ramus Esophagogastricus Ascendens Posterior
Reha、Rehabili,リハビリテーション,Rehabilitation
REM,逆説睡眠、急速眼球運動睡眠、レム睡眠,Rapid Eye Movement(sleep)
REP,逆行性腎盂造影(法),Retrograde Pyelography
REPE,再拡張性肺水腫,Re-Expansion Pulmonary Edema
resp,呼吸,Respiration
Ret,網状赤血球,Reticulocyte
RF,呼吸不全,Respiratory Failure
RFA,右後前頭位(胎位),Right Frontoanterior(position)
RFP,リファンピシン,Rifampicin
RFT,右横前頭位(胎位),Right Frontotransverse(position)
RGA,右胃動脈,Right Gastric Artery
RGE,右胃大網動脈,Right Gastroepiploic Artery
Rh,Rh因子,Rhesus Factor
rh,ラ音,Rhonchus
RHA,右肝動脈,Right Hepatic Artery
RHC,右心カテーテル,Right Heart Catheterization
RHD,リウマチ性心疾患,Rheumatic Heart Disease
RHV,右肝静脈,Right Hepatic Vein
RI,核医学検査,Radioisotope(examination)
RICU,呼吸器疾患集中治療室,Respiratory Intensive Care Unit
RIF,右腸骨窩,Right Iliac Fossa
RK,直腸癌,
RKM,ロキシタマイシン,Rokitamycin
R-L,右-左シャント,Right-to-Left(cardiac shunt)
RLE,右下肢,Right Lower Extremity
RLL,右下肢,Right Lower Limb
RLND,後腹膜リンパ節摘除(術）,Retroperitoneal Lymph Node Dissection
RLQ,右下腹部,Right Lower Quadrant
RMA,右頤前方位（胎位）,Right Mentoanterior(position)
rMBF,局所心筋血流量,Regional Myocardial Blood Flow
RMI,亜急性心筋梗塞,Recent Mypcardial Infarction
RML,右中外側,Right Mediolateral
RMP,右頤後方位(胎位）,Right Mentoposterior(position)
RMT,右頤横位(胎位),Right Mentotransverse(position)
RMV,分時呼吸量,Respiratory Minute Volume
RN,逆流性腎症,Reflex Nephropathy
ROA,右前方後頭位(胎位）,Right bOccipitoanterior(position)
ROM,関節可動域,Range Of Motion
ROME,関節可動域訓練,Range Of Motion Exercise
ROMT,関節可動域テスト,Range Of Motion Test
ROP,右後方後頭位(胎位）,Right Occipitoposterior(position)
ROT,右後頭横位(胎位),Right Occipitotransverse(position)
RP,逆行性腎盂造影(法),Retrograde Pyelography
Rp,処方せよ,
RPA,右肺動脈,Right Pulmonary Artery
RQ,呼吸商,Respiratory Quotient
RR,回復室,Recovery Room
RRP,相対不応期,Relative Refractory Period
RRPM,心拍応答型ペースメーカー,Rate Responsive Pacemaker
RS,呼吸音,Respiratory Sound
RSA,右仙骨前位（胎位）,Right Sacroanterior(position)
RSP,右仙骨後位(胎位）,Right Sacroposterior(position)
RST,右仙骨横位(胎位）,Right Sacrotransverse(position)
RSTI,右室収縮時間比,Right Systlic Time Interval
RT,呼吸療法,Respiratory Therapy
R/T、R/t,～に関連した,Related To
rt,右側臥位,Right Lateral Position
RTBD,逆行性経肝胆道ドレナージ,Retrograde Transhepatic Biliary Drainage
RUE,右上肢,Right Upper Extremity
RUL,右上肢,Right Upper Limb
RUM,残尿測定,Residual Urine Measurement
RUQ,右上腹部,Right Upper Quadrant
RV,右心室(枝),Tight Ventricle(branch)
RVAD,右心補助人工心臓,Right Ventricular Assist Device
RVCD,右室伝導遅延,Right Ventricular Conduction Delay
RVEDP,右室拡張終(末)期圧,Right Ventricular End-Diastolic Pressure
RVEF,右室駆出分画,Right Ventricular Ejection Fraction
RVET,右室駆出時間,Right Ventricular Ejection Time
RVG,右室造影(法),Right Ventriculography
RVH,右室肥大,Right Ventricular Hypertrophy
RVI,右室梗塞,Right Ventricular Infarction
RVMDP,右室平均拡張期圧,Right Ventricular Mean Diastoric Pressure
RVP,右室圧,Right Ventricular Pressure
RVR,腎血管抵抗,Renal Vascular Resistance
Rx,処方、処方箋,Prescription or take Recipe or formula
RXM,ロキシスロマイシン,Roxithromycin
R-Y,ルーY型腸吻合(術),Roux-en Y-anastomosis
S,S波,S-wave
SⅡ,第2心音,Second heart sound
SⅢ,第3心音,Third heart sound
SⅣ,第4心音,Fourth heart sound
s,秒,Second
SA,安静型狭心症,Stable Angina
SAB,選択的肺胞気管支造影（法）,Selective Alveolar Bronchography
SACT,洞房伝導時間,Sinoatrial Conduction Time
SAH,クモ膜下出血,Subarachnoid Hemorrhage
SAN,洞房結節,Sinoatrial Node
SaO2,動脈血酸素飽和度,Saturation of Arterial blood oxygen
Sar,サルコイドーシス,Sarcoidosis
SAS,睡眠時無呼吸症候群,Sleep Apnea Syndrome
SAS(S),大動脈弁上狭窄（症候群）,Supravalvular Aortic Stenosis(syndrome)
SB,自発呼吸,Spontaneous Breathing
S-B,セングステークン・ブレークモア食道静脈瘤止血用チューブ、SBチューブ,Sengstaken-Blakemore Tube
SBD,老人性脳疾患,Senile Brain Disease
SBE,亜急性細菌性心内膜炎,Subacute Bacterial Endocarditis
SBP,最大（収縮期）血圧,Systolic Blood Pressure
SBPC,スルホベンジルペニシリン（スルベニシリン）,Sulfobenzylpenicillin(Sulbenicillin)
SBR,小腸大量切除（術）,Small Bowel Massive Resection
SBS,脊髄延髄脊髄反射,Spino-Bulbo-Spinal(reflex)
SC,皮下（注射）,Subcutaneous(injection)
Sc,肩甲骨,Scapula
sc,胸鎖関節の,Sternoclavicular
SCA,鎌状赤血球貧血,Sickle Cell Anemia
SCC,小細胞癌,Small Cell Carcinoma
SCD,脊髄小脳変性（症）,Spinocerebellar Degeneration
SCFE,大腿骨頭すべり症,Slipped Capital Femoral Epiphysis
Schiz,精神分裂病,Schizophrenia
SCI,脊髄損傷,Spinal Cord Injury
sci,硬性型（胃癌）,Scirrhous Type
SCIA,浅腸骨回旋動脈,Superficial Circumflex Iliac Artery
SCID,重症複合免疫不全症,Severe Combined Immunodeficiency
Scicti,シンチレーション、シンチグラム,Scintillation、Scintigram
SCIS,重症複合免疫不全症候群,Severe Combined Immunodeficiency Syndrome
SCLC,小細胞肺癌,Small Cell Lung Cancer
SCM,胸鎖乳突筋,Sternocleidomastoid Muscle
SCR、Scr,血清クレアチニン,Serum Creatinine
SCT,スパイナル（脊髄）CT,Spinal Computed Tomography
SD,変形性脊椎症,Spondylosis Deformans
SDAT,アルツハイマー型老年痴呆,Senil Dementia of Alzheimer Type
SDB,真皮浅層熱傷,Superficial Dermal Burn
SDH,硬膜下血腫,Subdural Hematoma
SDR,単純型糖尿病性網膜症,Simple Diabetic Retinopathy
SEP,（冠状動脈）中隔穿通枝,Septal Coronary Perforating Artery(branch)
SEV,セボフルレン,Sevofluren
SFD,妊娠期間に比して小さい,Small-For-Dates(infant)
SG,比重,Specific Gravity
SGA,短胃動脈,Short Gastric Artery
SGC,スワン・ガンツカテーテル,Swan-Ganz Catherer
SGN,上殿神経,Superior Bluteal Nerve
SGO,外科・産婦人科,Surgery、Gynecology and Obstetrics
SGOT,血清グルタミン酸オキサロ酢酸トランスアミナーゼ,Serum Glutamic-Oxaloacetic Transaminase
SGPT,血清グルタミン酸ピルビン酸トランスアミナーゼ,Serum Glitamic-Pyruvic Transaminase
Sgt,妊娠,
SH,血清肝炎,Serum Hepatitis
SHP,二次性副甲状腺機能亢進症,Secondary Hyperparethyroidism
SHS,仰臥位低血圧症候群,Supine Hypotensive Syndrome
SI,１回拍出係数,Stroke Index
SIDS,乳幼児突然死症候群,Sudden Infant Death Syndrome
SIMV,周期的間歇的強制換気法,Synchronized Intermittent Mandatory Ventilation
sin,左の,
SIRS,全身性炎症反応症候群,Systemic Inflammatory Response Syndrome
SISO,シソマイシン,Sisomicin
SIT,スタンフォード知能テスト,Stanford Intelligence Test
SK,ストレプトキナーゼ,Streptokinase
SKA(O),長下肢装具,Supra Knee Ankle(orthosis)
SKI,皮膚,Skin
SK-SD,ストレプトキナーゼ・ストレプトドルナーゼ,Streptokinase-Streptodornase
SL,ストレプトリジン,Streptolysin
SLB,短下肢装具,Short-Leg Brace
SLC,短下肢ギプス,Short-Leg Cast
SLE,全身性エリテマトーデス、全身性紅斑性狼瘡,Systemic Lupus Erythematosus
SLV,左室性単心室,Single Left Ventricle
SM,収縮期雑音,Systolic Murmur
SMA,上腸間膜動脈,Superior Mesenteric Artery
SMBG,血糖自己測定,Self Monitoring of Blood Glucose
SMC,自己乳房管理,Self Mamma Control
SMDS,青壮年急死症候群,Sudden Manhood Death Syndrome
SMI,無症候性心筋虚血,Silent Myocardial Ischemia
SMON,亜急性脊髄視神経障害、スモン病,Subecute Myelo-Optico-Neuropthy
SMV,上腸間膜動脈,Superior Mesenteric Vein
SN,洞房結節,Sinus Node
SNRT,洞結節回復時間,Sinus Node Recovery Time
SNS,交感神経系,Sympathetic Nervous System
S/O,～の疑い,Suspect Of
SO2,酸素飽和度,Oxygen Saturation
SOB,息切れ,Shortness Of Breath
Sol、sol、soln,溶液,Solution
SP,脊椎,Spinal
S/P,～の後の状態,Status Post
Sp,棘波,Spike
SPCA,短後毛様体動脈,Shoet Posterior Ciliary Artery
SPCM,スペクチノマイシン,Spectinomycin
SPFX,スパルフロキサシン,Sparfloxacin
SpGr,比重,Specific Gravity
SPMA,脊髄性進行性筋萎縮症,Spinal Progressive Muscular Atrophy
SPO2、SpO2,（パルスオキシメーターによる）動脈血酸素飽和度,Oxygen Saturation of Arterial Blood Measured by Pulse Oximeter
Sppc,慢性化膿性副鼻腔炎,
Sp&W,棘徐波複合,Spike and Wave Complex
SQ,皮下の,Subcutaneous
sq,扁平上皮癌,Squamous Cell Carcinoma
SR,正常調律,Sinus Rhythm
SRA,上直腸動脈,Superior Rectal Artery
SRRD,睡眠関連呼吸障害,Sleep Related Respiratory Disturbance
SRT,洞結節回復時間,Sinus Node Recovery Time
SRV,右室性単心室,Single Right Ventricle
SS,鎌状赤血球,Sickle Cell
SSM,丸山ワクチン,Specific Substance Maruyama
SSS,洞不全症候群,Sick Sinus Syndrome
ST,ST部分（心電図）,ST-segment
StⅠ～Ⅳ,胃癌の肉眼的進行度を示す記号,
StⅠ～Ⅳ,胃癌の組織学的進行度を示す記号,
STA-MCA,浅側頭動脈・中大脳動脈吻合術,Superficial Temporal Artery-Middle Cerebral Artery(anastomosis)
Staph,ブドウ球菌,
stat,直ちに、至急,
STD,性（行為）感染症,Sexually Transmitted Disease
STH,ステロイドホルモン,Steroid Hormone
STI,（心）収縮時間,Systolic Time Interval
strept,連鎖球菌,
STZ,ストレプトゾトシン,Streptozotocin
SU,スルホニル尿素,Sulfonyl Urea
subcu、subcut,皮下の,subcutaneous
Subdura,硬膜下血腫,Subdural Hematoma
SUD,内因性急死,Sudden Unexpected Natural Death
SUED,原因の明らかな突然死,Sudden Unexpected but Explained Death
supp,坐剤,Suppository
sut,縫合（単数）,
sutt,縫合（複数）,
SUUD,原因不明の突然死,Sudden Unexpected and Unexplained Death
SV,１回拍出量,Stroke Volume
SVASS,大動脈弁上狭窄症候群,Supravalvular Aortic Stenosis Sydrome
SVC,上大静脈,Superior Vena Cava
SVCG,上大静脈（造影）,Superior Vena Cavography
SVCS,上大静脈症候群,Surerior Vena Cava Syndrome
SVD,一枝病変,Single Vessel Dosease
SVG,伏在静脈移植片,Saphenous Vein Graft
Svo2、SvO2,混合静脈血酸素飽和度,Mixed Venous Oxygen Saturation
SVPC,上室期外収縮,Supraventricular Premature Contraction
SVR,体血管抵抗,Systemic Vascular Resistance
SVT,上室頻拍,Supraventricular Tachycardia
SW,１回仕事量,Stroke Work
S&W、SWC,棘徐波複合,Spike and Wave Complex
SWI,１回仕事量係数,Stroke Work Index
SWR,血清ワッセルマン反応,Serum Wasserman Reaction
T,温度、体温,Temperature
TA,三尖弁閉鎖（症）,Tricuspid Atresia
T＆A,扁桃摘出（術）とアデノイド切除（術）,Tonsillectomy and Adenoidectomy
TAA,胸部大動脈瘤,Thoracic Aortic Aneurysma
Tab,錠剤,Tablet
tachy,頻脈,Tachycardia
TAE,経カテーテル肝動脈塞栓（術）,Transcatheter Arterial Embolization
TAH,完全人工心臓,Total Artiflcial Heart
TAI,肝動脈注入療法,Transhepatic Arterial Infusion
TAO,閉塞性血栓性血管炎、バージャー病,Thromboangiitis Obliterans
TAP,三尖弁輪形成（術）,Tricuspid Annuloplasty
TAR,人工足関節置換術,Total Ankle Replacement
TB,結核,Tuberkulose(独)
TBAB,経気管支針吸引生検,Transbronchial Aspiration Biopsy
Tbc,結核,Tuberculosis(ラ)
T-Bil,総ビリルビン,Total bBilirubin
TBL,気管支洗浄,Tracheobronchial Lavage
TBLB,経気管支肺生検,Transbronchial Lung Biopsy
TBLC,満期出産、出生児,Term Birth、Living Child
TBT,気管気管支内洗浄,Tracheobronchial Toilet
TBV,全血液量,Total Blood Volume
TBW,体内総水分（両）,Total Body Water
TC,総コレステロール,Total Cholesterol
T&C,血液型判定および交差試験,Type and Cross match
TCA,三環系抗うつ薬,Tricyclic Antidepressant
TCI,一過性脳虚血,Transient Cerebral Ischemia
TCIE,一過性脳虚血発作,Transient Cerebral Ischemic Episode
TcPaCO2,経皮的動脈血二酸化炭素分圧,Transcutaneous Partial Pressure of Arterial Carbon Dioxide
TcPaO2,経皮的動脈血酸素分圧,Transcutaneous Partial Pressure of Arterial Oxygen
T-CPAP,気管内挿管持続陽圧呼吸,Tube Continuous Psitive Airway Pressure
TCｓ,テトラサイクリン系抗生物質,Tetracyclines
TDA,血中薬物濃度測定,Therapeutic Drug Assay
tds,１日３回服用,
TEE,経食道エコー心電図,Transeophageal Echocardiogram
temp,温度、体温,Temperature
TESPA,トリエチレンチオホスホラミド（チオテパ）,Triethylenethiophosphoramide(thiotepa)
tetra,四肢麻痺,Tetraplegia
TF,経管栄養,Tube Feeding
TF、T/F,ファロー四徴（症）,Tetralogy of Fallot
TFLX,トスフロキサシン,Tosufloxacin
TG,中性脂肪、トリグリセリド,Triglyceride
TGA,一過性全健忘,Transient Global Amnesia
TGV,大血管転位（症）,Transpotion of Great Vessel
TH,視床（内側）出血,Thalamic Hemorrhage
Th,胸椎の、胸髄の,Thorasic
Th(1～12),（第１～12）胸椎,Thorasic Vertebral
THA,終末肝動脈枝,Terminal Hepatic Arteriole
THR,人工股関節全置換術,Total Hip Replacement
TI,三尖弁閉鎖不全（症）,Tricuspid Insufficiency
TIA,一過性脳虚血発作,Transient Ischemic(cerebral)Attack
TICO,急性冠動脈閉塞の血栓溶解,Thrombolysis In Acute Coronary Occlusion
TIE,一過性虚血発作,Transient ischemic Episode
TIG,破傷風免疫グロブリン,Tetanus Immune Globulin
TIMI,心筋梗塞の血栓溶解,Thrombolysis In Myocardial Infarction
TIN,間質性腎炎,Tubulointerstitial Nephritis
TJR,関節全置換術,Total Joint Replacement
TKA,膝関節全置換術,Total Knee Arthroplasty
TKR,人工膝関節置換術,Total Knee Replacement
TL,側頭葉,Temporal Lobe
TLC,全肺気量,Total Lung Capasity
TLV,全肺容量,Total Lung Volume
TM,腫瘍マーカー,Tumor Merker
Tmax,最高血中濃度到達時間,Time of Maximum Concentration
TN,三叉神経痛、三叉神経,Trigeminal Neuralgia、Trigeminal Nerve
TNG,トリニトログリセリン,Trinitroglycerin
TNM,TNM（腫瘍・リンパ節転移・遠隔転移）分類,Tumor、Node、Metastasis(classification)
TNT,トロポニンT,Troponin T
TOB,トブラマイシン,Tobramycin
TOF,ファロー四徴（症）,Tetralogy Of Fallot
Tomo、tomo,X線断層撮影（法）,Tomography
TOP,妊娠の終結、妊娠中絶,Termination Of Pregnancy
TOPV,経口ポリオワクチン,Trivalent Oral Poliovirus Vaccine
Torr、torr,トール（圧力の単位）,Torricelli
TP,総蛋白,Total Protein
Tp,温度、体温,Temperature
TPA,完全経静脈栄養,Total Parenteral Alimetation
TPH、TPHA,完全経静脈栄養,Total Parenteral Hyperalimentation
TPHA,梅毒トレポネーマ赤血球凝集試験,Treponema Pallidum Hemagglutination(test)
TPI,梅毒トレポネーマ運動抑制試験,Treponema Immobilization(test)
TPIA,梅毒トレポネーマ免疫付着試験,Treponema Immune Adherence(test)
TPN,完全静脈栄養法,Total Parenteral Nutririon
TPP,血小板減少性紫斑病,Thrombocytopenic Purpura
TPR,全肺血管抵抗,Total Pulmonary Resistance
TPV,終末門脈枝,Terminal Portal Venule
TPVR,全肺血管抵抗,Total Pulmonary Vascular Resistance
TR,三尖弁逆流（症）,Tricuspid Regurgitation
Tr,気管,Trachea
tr,牽引,Traction
transpl,移植する、移植,Transplant、Transplantation
TRM,トリコマイシン,Trichomycin
TS,三尖弁狭窄（症）,Tricuspid Stenosis
TSB,全脊（椎）麻（酔）（法）,Total Spinal Block
TSI,三尖弁狭窄兼閉鎖不全症,Tricuspid Stenoinsufficiency
TSPR,全末梢（血管）抵抗,Total Systemic Pripheral Resistance
TSR,三尖弁狭窄兼閉鎖不全症,Tricuspid Stenosis and Regurgitation
TT,トロンビン時間,Thrombin Time
TTA,経気管吸引,Transtracheal Aspiration
TTN(B),新生児一過性頻呼吸,Transient Tachypnea of Newborn
TTP,血栓性血小板減少性紫斑病,Thrombotic Thrombocytopenic Purpura
TTTS,双胎（胎児）児間輸血症候群,Twin-To-Twin Transfusion Syndrome
TTX,テトロドトキシン,Retrodotoxin
TUR,経尿道的切除（術）,Transurethral Resection
TURBn,経尿道的膀胱頸部切除（術）,Transurethral Resection of Bladder Neck
TURBt、TUR-Bt,経尿道的膀胱腫瘍切除（術）,Transurethral Resecsion of Bladder Tumor
TURCaP,経尿道的前立腺癌切除（術）,Transurethral Resecsion of Carcinoma of Prostate
TURP,経尿道的前立腺切除（術）,Transurethral Resecsion of Prostate
TUV,全（24時間）尿量,Total Urine Volume
TV,1回換気量,Tidal Volume
Tv,胸椎,Thoracic Vertebrae
TVD,三枝病変,Triple Vessel Disease
TVH,膣式子宮全摘（術）,Total Vaginal Hysterectomy
TVP,三尖弁形成（術）,Tricuspid Valvuloplasty
TVR,三尖弁置換術,Tricuspid Valve Replacement
Tx,治療,Treatment
U,単位,Unit
UA,臍動脈,Umbilical Artery
UA(P),不安定狭心症,Unstable Abgina(Pectoris)
U/A,検尿,Urinalysis
UAC,臍動脈カテーテル,Umbilical Artery Catheter
UB,尿潜血,Uric Blood
UBF,子宮血流,Uterine Blood Flow
UC,潰瘍性大腸炎,Ulcerative Colitis
UCG,心エコー法,Ultrasound Cardiography
UCPmax,最高尿道閉鎖圧,maxmum Urethral Closure Pressure
UCPP,尿道閉鎖圧曲線,Urethral Closure Pressure Profile
UCR,無条件反射,Unconditioned Reflex
UCS,無条件刺激,Unconditioned Stimulus
UD,十二指腸潰瘍,Ulcus Duodeni（ラ）
UDT,停留睾丸,Undescended Testicle
U/E,上肢,Upper Extremity
UFA,遊離脂肪酸,Unesterified Fatty Acid
UFTM,ユーエフティー、マイトマイシンCの併用化学療法,UFT、Mitomycin C
UG,尿道造影（法）,Urethrography
UGI（S）,上部消化管（撮影）,Upper Gastrointestinal (series)
UHDF,超短時間血液透析濾過（法）,Ultrashort Hemodiafiltration
UHL,片側性肺門リンパ節腫大,Unilateral Hilar Lymphnode Enlargement
UI,潰瘍係数,Ulcer Index
UIP,通常型間室性肺炎,Usual Interstitial Pneumonia
UK,ウロキナーゼ,Urokinase
Ul,潰瘍,Ulcer
ULBW,極端な低出生体重児,Ultra Low Birth Weight
UN,尺骨神経,Ulnar Nerve
UO,尿量,Urinary Output
UP,尿蛋白,Urinal Protein
UPI,子宮胎盤機能不全,Uteroplacental Insufficiency
UPJ,腎盂尿管移行部,Uretero Pelvic Junction
UPPP,口蓋垂軟口蓋咽頭形成（術）,Uvulopalatopharyngoplasty
URI,上気道感染（症）,Upper Respiratory Infection
Uro,泌尿器科,Urology
US,下腿,Unterschenkel（独）
USB,不安定膀胱,Unstable Bladder
USL,超音波砕石術,Uitrasonic Lithotripsy
USN,超音波ネブライザー,Ultrasonic Nebulizer
UT,尿路,Urinary Tract
UTCA、Utca,子宮癌,Cancer ob Uterus
UTI,尿路感染（症）,Urinary Tract Infection
UV,胃潰瘍,Ulcus Ventriculi（ラ）
V,静脈,Vein
VA,視床前腹側核,(nucleus)Ventralis Anterior
V-A,静脈動脈バイパス（法）,Venoarterial Bypass
VA(P),異型狭心症,Variant Angina Pectoris
VA,分時肺胞換気量,Alveolar Ventilation per minute
VAD,心室補助装置,Ventricular Assist Device
VAG,椎骨動脈造影（法）,Vertebral Angiography
VAHS,ウィルス関連赤血球貪食症候群,Virusassociated Hemophagocytic Syndrome
VA/Q,肺換気血流比,Ventilation-perfusion Quotient(ratio)
VAS,心室補助装置,Ventricular Assist System
VAT,心房同期型心室ペーシング,Ventricular pacing、Atrial sensing、Triggered mode
VATS,胸腔鏡下手術,Video-Assisted Thoracic Surgery
VAZ,奇静脈,Vena Azygos（ラ）
VBA,椎骨脳底動脈,Vertebrobasilar Artery
VBI,椎骨脳底動脈循環不全（症）,Ventebrobasilar Insufficiency
VBR,側脳室-大脳比、脳室比,Ventricular-Brain Ratio
VC,肺活量,Vital Capacity
VCD,右結腸静脈,Vena Colica Dextra（ラ）
VCDA,副右結腸静脈,Vena Colica Dextra Accessoria（ラ）
VCG,排尿時膀胱尿道造影（法）,Voiding Cystourethrography
VCM,中結腸静脈,Vena Colica Media（ラ）
VCO2,二酸化炭素排出量,Carbon Dioxide Output
VCR,ビンクリスチン,Vincristine
VCS,上大静脈,Vena Cava Superior（ラ）
VD,死腔量,Volume of Dead air space
VDD,心室抑制心房同期型心室ペーシング,Ventriclke-Double-Double(pacing)
VDN,ビンデシン,Vindesine
VDS,Zielke(チールケ）法による脊柱前方固定術,Ventral Derotating Spinal Fusion
VDT/I,心房同期型心室ペーシング,Ventricle-Doublr-Trigger/Inhibit
VD/VT,死腔換気率,Dead-space gas Volume to Tidal Volume ratio
VE,吸引分娩（術）,Vacuum Extraction
VEDP,心室拡張終（末）期圧,Ventricular Endodiastolic Pressure
VEDV,心室拡張終（末）期量,Ventricular Endodiastolic Volume
VF,換気不全,Ventilatory Failure
VG,脳室造影（法）,Ventriculography
VGED,右胃大網静脈,Vena gastroepiploica Dextra（ラ）
VI,換気指数,Ventilation Index
VIP,エトポシド、イホスファミド、シスプラチンの併用化学療法,Etoposide(VP-16)、Ifosfamide、Cisplatin(CDDP)
VLB,ビンカロイコブラスチン（ビンブラスチン）,Vincaleukoblastine(vinblastine)
VLBW(I),極低出生体重（児）,Very Low Birth Weight(infant)
VLDL,超低比重リポ蛋白,Very Low Density Lipoprotein
VM,ビオマイシン,Viomycin
Vmax,最大呼気流量,Maximal Expiratory Flow
VMCP,ビンクリスチン、メルファラン、シクロホスファミド、プレドニゾロンの併用化学療法,Vinctistine、Melphalan、Cyclophosphamide、Prednisolone
VMP,ビンクリスチン、メトトレキサート、プレドニゾロンの併用化学療法,Vincristine、Methotrexate、Prednisolone
VMS,上腸間膜静脈,Vena Mesenterica Superior
Vol,容積,Volume
vol%,容積パーセント,Volume Per Cent
VP,静脈圧,Venous Pressure
V-P,脳室腹腔シャント,Ventriculo-Peritoneal(shunt)
VPB,心室期外収縮,Ventricular Premature Beat
VPC,心室期外収縮,Ventricular Premature Contraction(beat)
VPDIA,前下膵十二指腸静脈,
V/Q,換気/血流比,Ventilation-Perfusion Ratio
VR,換気予備率,Ventilation Resarve
VS、V/S、vs,バイタルサイン、生命兆候,Vital Sign
VSA,血管攣縮性狭心症,Vasospastic Angina
VSD,心室中隔欠損（症）,Ventricular Septal Defect
VSP,心室中隔穿孔,Ventricular Septal Perforation
VSR,心室中隔破裂,Ventricular Septal Rupture
VT,心室頻拍,Ventricular Tachycardia
VT、Vt,1回換気量,Tidal Volume
VVI,デマンド型心室ペーシング,Ventricle Demand Inhibited(pacemaker code)
W,重量、体重,Weight
WaR,ワッセルマン反応,Wassermann Reaction
WBC,白血球、白血球数,White Blood Cell(count)
WD,湿布、罨法,Wet Dressing
WDHA,水様下痢低カリウム血症無胃酸症候群、WDHA症候群,Watery Diarrhea-Hypokalemia-Achlorhydria(syndrome)
WDLL,高分化型小球性悪性リンパ腫,Well-Differentiated Lymphocytic Lymphoma
WF,ワーファリン,Warfarin
WG,ウェゲナー肉芽腫症,Wegener's Granulomatosis
WHD,ウェルドニッヒ・ホフマン病,Werdnig-hoffmann Disease
WHVP,肝静脈楔入圧,Wedged Hepatic Venous Pressure
Widal,ヴィダール反応,Widal's Reaction
WK,ウェルニッケ・コルサコフ症候群,Wernicke-Korsakoff(syndrome）
WMS,ウィルソン・ミキティ症候群,Wilson-Mikity Syndrome
WNL,正常範囲,Within Nomal Limits
WPW,ウォルフ・パーキンソン・ホワイト症候群,Wolff-Parkinson-White(syndrome)
WRC,洗浄赤血球,Washed Red Cells
WT,作業療法,Work therapy
WT、ｗｔ,体重,Weight
Xan,キサンチン,Xanthine
Xanth,黄色腫症,Xanthomatosis
Xe,キセノン,Xenon
Xg,Xg式血液型,X-linked blood group
XIP,ギプス固定のままでのX線撮影,X-ray In Plaster(examination)
XLA,伴性無γ-グロブリン血症,X-Linked Agammaglobulinemia
XLI,伴性遺伝性魚鱗癬,X-linked Ichthyosis
X-mat,交差試験,Cross Matching
XOP,ギプスを外した状態でのX線写真,X-ray Out of Plaster
XP,外斜位,Exophoria
XP、X-P、Xp,X線写真,X-ray Photograph
Xp-T,外斜位・斜位,Exophoria-Tropia
XR,ゼロラジオグラフィー,Xeroradiography
X-rays,レントゲン線、X線,X-rays、roentgen rays
XT,外斜視,Exotropia
XTV,X線テレビ,X-ray Television
XU,排泄性尿路造影（法）,Excretory Urography
ｙｓ,（網膜の）黄斑,Yellow Spot(on retina)
YST,卵黄嚢腫瘍,Yolk Sak Tumor
Y-TNM,治療後TNM分類,post treatment primary tumor、regional lymph nodes、distant metastases classification
Yuppie flu,ヤッピー感冒,Young Urban Professional People Flu
ZEEP,呼気圧ゼロ,Zero Positive End-Expiratory Pressure
ZE（S),ゾリンジャー・エリソン症候群,Zollinger-Ellison(syndrome)
ZIFT,接合子卵管内移植,Zygote Intrafallopian Transfer
ZIG,水痘抗体免疫グロブリン,Zoster Serum Immune Globulin
ZIｇ,帯状疱疹免疫グロブリン,Zoster Immune Globulin
ZIG-V,静注用帯状疱疹免疫グロブリン,Venous Zoster Immune Globulin
ZIP,水痘抗体価血清,Zoster Immune Plasma
ZK,子宮頸癌,Zervixkrebs
ZKS,中枢性協調障害,Zentrale Koordinationsstorung（独）
Z-line,食道胃粘膜接合部,Zigzag Line
Zn,亜鉛,Zinc
ZNS,ゾニサミド,Zonisamide
Zugg,ワイヤによる圧迫固定,Zuggurtungs-osteosynthese（独）
