term,category
ANCA関連血管炎,血管
Aquala,関節
BPSD,症状
Brainbow,神経
C 求心性触感覚受容器,神経
CACNA1S,筋肉
CO-OPアプローチ,リハビリ
FAB分類,症状
HTLV-I関連脊髄症,症状
ISAKOS,整形外科
ISAKOS,関節
IVES,筋肉
MR.BRAIN,神経
MediVR カグラ,リハビリ
Mr.脳,神経
N400 (神経科学),神経
NIRS脳計測装置,神経
NSAID潰瘍,症状
Nou-darake,神経
Nバック課題,神経
PNF,リハビリ
Paroxysmal attack,症状
QT延長症候群,症状
QT短縮症候群,症状
Qニューロン,神経
RICEの法則,整形外科
T-Support,リハビリ
TrkB,神経
T管,筋肉
Α-エンドルフィン,神経
Β-エンドルフィン,神経
Γ-エンドルフィン,神経
いびき,症状
うっ血乳頭,症状
えら,臓器
おとがい,骨
くしゃみ,症状
こむら返り,症状
こむら返り,筋肉
しびれ,症状
しもやけ,症状
しゃっくり,症状
せん妄,看護
たばこ病,症状
はしご形神経系,神経
ばち指,症状
めまい,症状
るいそう,症状
アイゼンメンゲル症候群,症状
アウエルバッハ神経叢,神経
アウエルバッハ神経叢,臓器
アカシジア,症状
アカラシア,症状
アシドーシス,症状
アシドーシスとアルカローシス,症状
アストロサイト,神経
アセチルコリン受容体,神経
アダムス・ストークス症候群,症状
アドレナリン受容体,神経
アナボリックステロイド,臓器
アラタ体,臓器
アルカローシス,症状
アルファ波,神経
アルベルト・アインシュタインの脳,神経
アレルギー,症状
インナーマッスル,筋肉
インフルエンザ脳症,症状
ウィンドケッセルモデル,血管
ウロクローム,症状
エコーガイド下Fasciaリリース,整形外科
エッグズ・アンド・ブレインズ,神経
エディンガー・ウェストファル核,神経
エンジェルメイク,看護
エンゼルケア,看護
エンドルフィン,神経
オクルパッド,リハビリ
オシコーン,骨
オスグッド・シュラッター病,骨
オストメイト,臓器
オピオイド受容体,神経
オモレテ・デ・ミオレイラ,神経
カシン・ベック病,整形外科
カタプレキシー,症状
カタル,症状
カタル性炎症,症状
カタレプシー,症状
カリエス,骨
カリフォルニアから来た娘症候群,看護
カルシウム・パラドックス,骨
カルシウム誘発性カルシウム放出,筋肉
カンリン,骨
ガンマ波,神経
キルシュナー鋼線,整形外科
ギプス,整形外科
クオリア,神経
クスマウル呼吸,症状
クラッキング (関節),関節
クリオグロブリン血症,症状
クリグラー・ナジャール症候群,症状
クリスマス・ツリー (ボディビル),筋肉
クルミ割り現象,症状
クローヌス,症状
クールボアジェ徴候,症状
グリア細胞,神経
グレイアウト,症状
ケア,看護
ケルニッヒ徴候,症状
ゲルストマン症候群,症状
ゲロタ筋膜,臓器
ゲーム脳,神経
コッドマンの三角,骨
コネクトミクス,神経
コネクトーム,神経
コンパートメント症候群,整形外科
コーニス症候群,症状
コーヒー残渣様吐血,症状
コーレス骨折,整形外科
ゴルジ染色,神経
ゴルジ細胞,神経
ゴルジ腱器官,神経
ゴーハム病,整形外科
ゴーハム病,骨
サイズの原理,神経
サルコペニア,リハビリ
シェアード・ディシジョン・メイキング,看護
シックハウス症候群,症状
シナプス,神経
シナプス形成,神経
シナプス接着分子,神経
シミュラクラ現象,神経
シュワン細胞,神経
ショック,症状
シンスプリント,整形外科
シータ波,神経
ジスキネジア,症状
ジャーゴン,症状
ジョアンナブリッグス研究所,看護
ジルベール症候群,症状
スタンダール・シンドローム,症状
スターチャイルド (骨),骨
スティモシーバー,神経
ストレス (生体),臓器
ストレッチ,リハビリ
ストレッチ,筋肉
ストーマ,臓器
スピリチュアリティ,看護
セマフォリン,神経
セルフケア不足看護理論,看護
セレン欠乏症,症状
セロトニン受容体,神経
ソマトスタチン,臓器
ソロモン・シェレシェフスキー,神経
タンパク尿,症状
ターミナルケア,看護
チアノーゼ,症状
チチン,筋肉
チョコレートアレルギー,症状
ティネル徴候,検査
テタニー,症状
テーピング,リハビリ
ディスクシール治療,整形外科
ディッセ腔,臓器
デイケア,リハビリ
デイケアセンター,リハビリ
デジタルミラー,リハビリ
デブリドマン,処置
デュビン・ジョンソン症候群,症状
デュピュイトラン拘縮,整形外科
デルタ波,神経
トレンデレンブルグ徴候,検査
トレンデレンブルグ徴候,症状
トロポニン,筋肉
トロポニンC,筋肉
トンプソンテスト,検査
ドーパミン作動性ニューロン,神経
ドーパミン神経,神経
ナイチンゲール病棟,看護
ナイチンゲール誓詞,看護
ニッスル小体,神経
ニューロコミュニケーター,神経
ネフローゼ症候群,症状
ハイパーソニック・エフェクト,神経
ハイパーベンチレーション,症状
ハプトコリン,臓器
ハムストリング,筋肉
ハムストリングス,筋肉
ハンガーノック,症状
バレ・リーウー症候群,症状
バーグマングリア細胞,神経
バーセルインデックス,リハビリ
バーセル指数,リハビリ
パテラセッティング,リハビリ
パトリックテスト,検査
ヒスタミン受容体,神経
ヒトの脳,神経
ヒトの骨格,臓器
ヒトの骨格,骨
ヒトコグノーム計画,神経
ヒラメ筋,筋肉
ビタミンK欠乏性出血症,症状
ピカチュリン,神経
ファベラ,骨
ファレンテスト,検査
ファーター膨大部,臓器
フォン・エブネル腺,臓器
フライドブレインサンドイッチ,神経
フランク徴候,症状
フレイル (医学),症状
ブラウン・セカール症候群,症状
ブラックアウト (航空・宇宙),症状
ブルガダ症候群,症状
ブルジンスキー徴候,症状
ブルンベルグ徴候,症状
ブレイン・イニシアチブ,神経
ブレイン・マシン・インタフェース,神経
ブロードマンの脳地図,神経
プルキンエ細胞,神経
プレバイオティクス,臓器
プロトマップ (神経科学),神経
ヘバーデン結節,整形外科
ヘルニア,症状
ベッツ細胞,神経
ベータ波,神経
ペットボトル症候群,症状
ホスピス,看護
ホルネル症候群,症状
ボイスレトリーバー,リハビリ
ポッター症候群,症状
マイスナー神経叢,神経
マイスナー神経叢,臓器
マイネルト基底核,神経
マイヤーソン徴候,症状
マクマレーテスト,検査
マッケンジー法,整形外科
マルシリ症候群,症状
マルチノッチ細胞,神経
マロリー・ワイス症候群,症状
マーデルング変形,整形外科
マーデルング変形,症状
マーフィー徴候,症状
ミオクローヌス,症状
ミオシン,筋肉
ミオパチー,筋肉
ミオパチー顔貌,症状
ミオフィラメント,筋肉
ミーム,神経
メデューサの頭 (医学),症状
メデューサの頭 (医学),血管
メニエール病,症状
メレナ,症状
メンタルローテーション,神経
ユニットケア,看護
ユーイング肉腫,整形外科
ラクターゼ活性持続症,臓器
ラセーグ徴候,検査
ラックマンテスト,検査
ランゲルハンス島,臓器
ランヴィエの絞輪,神経
リハビリテーション,リハビリ
リハビリテーションパンツ,リハビリ
リハビリテーション学部,リハビリ
リポアトロフィー,症状
リンパ球増多症,症状
リンパ球減少症,症状
リンパ管腫症,整形外科
リンパ管腫症,骨
リン酸三カルシウム,骨
リーメンビューゲル法,整形外科
レチノトピー,神経
レッドアウト,症状
レノックス・ガストー症候群,症状
レビー小体病,神経
レンショウ細胞,神経
レンズ核,神経
ロコモティブ症候群,症状
ロフストランドクラッチ,整形外科
ロブシング徴候,症状
ロンベルグ試験,症状
ローゼンシュタイン徴候,症状
ローター症候群,症状
ワードサラダ,症状
ヴルヴォディニァ,症状
一次聴覚野,神経
一次骨,骨
三好正堂,リハビリ
三角筋,筋肉
三角線維軟骨複合体損傷,整形外科
三角骨,骨
上丘,神経
上位運動ニューロン,神経
上双子筋,筋肉
上大静脈,血管
上後鋸筋,筋肉
上縦束,神経
上肢帯筋,筋肉
上腕三頭筋,筋肉
上腕二頭筋,筋肉
上腕筋,筋肉
上腕筋群,筋肉
上腕骨,骨
上腕骨顆上骨折,整形外科
上衣細胞,神経
上頭斜筋,筋肉
下丘,神経
下双子筋,筋肉
下垂体炎,臓器
下大静脈,血管
下後鋸筋,筋肉
下気道,臓器
下痢,症状
下肢外傷,整形外科
下肢帯筋,筋肉
下腿三頭筋,筋肉
下腿筋,筋肉
下頭斜筋,筋肉
不均衡症候群,症状
不安定性,症状
不定愁訴,症状
不明熱,症状
不確帯,神経
不穏,看護
不随意運動,症状
両側帯状回切截術,神経
中心静脈,血管
中心静脈カテーテル,看護
中手骨,骨
中手骨骨折,整形外科
中枢神経系,神経
中枢自律神経線維網,神経
中殿筋,筋肉
中節骨,骨
中細動脈,血管
中脳,神経
中脳水道,神経
中腸腺,臓器
中臀筋,筋肉
中足骨,骨
中野信子,神経
中間広筋,筋肉
中間楔状骨,骨
主動作筋,筋肉
久保田競,神経
乏尿,症状
乱視,症状
乳び胸,症状
乳塩基性タンパク質,骨
乳糖不耐症,症状
事象関連電位,神経
二重関節,関節
二関節筋,筋肉
亜急性連合性脊髄変性症,症状
交感神経幹,神経
交感神経系,神経
交通静脈,血管
人体自然発火現象,症状
人工肛門,臓器
人工股関節置換術,処置
人工膝関節置換術,処置
人工関節,関節
人工食道,臓器
人工骨,骨
人工骨頭置換術,処置
人間の動静脈一覧,血管
人間の筋肉の一覧,筋肉
人間の関節一覧,関節
人間の骨の一覧,骨
人間不信,症状
介在ニューロン,神経
介護予防,リハビリ
仏舎利,骨
仙椎,部位
仙腸関節,関節
仙骨,骨
仙髄,神経
仮面様顔貌,症状
伸筋,筋肉
低アルブミン血症,症状
低タンパク血症,症状
低体重,症状
低色素沈着,症状
低血圧,症状
低身長,症状
体位変換,看護
体幹筋,筋肉
体性神経系,神経
体性認知協調療法,リハビリ
体臭,症状
体重減少,症状
作業療法士,リハビリ
作業科学,リハビリ
便の色・尿の色,臓器
便秘,症状
保健室,看護
保健師,看護
保存的療法,リハビリ
個分離思考,神経
借金依存症,症状
健康心理学,看護
健康教育,看護
健忘,症状
側坐核,神経
側抑制,神経
側頭葉,神経
偽痛風,整形外科
偽痴呆,症状
偽関節,整形外科
傍尿細管毛細血管,血管
僧帽筋,筋肉
僧帽細胞,神経
充血,症状
先天性無痛無汗症,症状
光視症,症状
光過敏性発作,症状
光遺伝学,神経
免荷,リハビリ
兎眼,症状
全荷重,リハビリ
全身性炎症反応症候群,症状
公衆衛生看護婦,看護
共同体思考,神経
共同運動,症状
内側前脳束,神経
内側広筋,筋肉
内側楔状骨,骨
内側胸筋神経,神経
内出血,症状
内分泌器,臓器
内因子,臓器
内肋間筋,筋肉
内腹斜筋,筋肉
内閉鎖筋,筋肉
円回内筋,筋肉
円形脱毛症,症状
円板状半月板,整形外科
冷え性,症状
准看護師試験,看護
出血,症状
出血性炎症,症状
出血熱,症状
切断 (医学),整形外科
利き手交換,リハビリ
利き脳,神経
刺激性異嗅症,症状
剃刀負け,症状
前仙尾筋,筋肉
前十字靭帯損傷,整形外科
前方引き出しテスト,検査
前根,神経
前胃,臓器
前胸腺,臓器
前脛骨筋,筋肉
前脳,神経
前腕筋,筋肉
前角 (脊髄),神経
前鋸筋,筋肉
前障,神経
前頭前皮質,神経
前頭眼野,神経
前頭葉,神経
前頭葉白質切截術,神経
前骨間神経,神経
副交感神経系,神経
副嗅球,神経
副甲状腺,臓器
副腎,臓器
副腎摘出術,臓器
副腎機能低下症,臓器
副腎皮質,臓器
副腎皮質性思春期徴候,臓器
副腎髄質,臓器
副鼻腔,臓器
創傷・ストーマ・失禁ケア,看護
創造性,神経
助産師国家試験,看護
動悸,症状
動脈,血管
動脈スティフネス,血管
動脈管,血管
動脈血,血管
化膿性炎症,症状
北大人骨事件,骨
医療倫理,看護
医療技術短期大学,看護
医療的ケア児,看護
半側空間無視,症状
半奇静脈,血管
半月板損傷,整形外科
半棘筋,筋肉
半腱様筋,筋肉
半膜様筋,筋肉
卜骨・卜甲,骨
卵巣,臓器
叉骨,骨
友田明美,神経
双子筋,筋肉
双方向性シナプス,神経
反射区,神経
反復唾液嚥下テスト,リハビリ
受動喫煙症,症状
口角炎,症状
可動域制限,症状
右上肢,部位
右下肢,部位
右脳,神経
右足背,部位
同名半盲,症状
吐き気,症状
吐血,症状
向き癖,整形外科
吸引,看護
吸引性皮下出血,症状
周期性嘔吐症候群,症状
周皮細胞,血管
呼吸上皮,臓器
呼吸不全,症状
呼吸器,臓器
呼吸困難,症状
咳嗽,症状
咽喉,臓器
咽喉頭異常感症,症状
咽頭,臓器
唯脳論,神経
唾液腺,臓器
喀血,症状
喉頭,臓器
喉頭蓋,骨
喉頭隆起,骨
嗅球,神経
嗅脳,神経
嗅覚過敏,症状
嘔吐,症状
嘔吐下痢症,症状
嘔吐中枢,神経
嘴骨,骨
噴気孔 (生物学),臓器
噴水孔,臓器
噴門,臓器
回外筋,筋肉
回復期リハビリテーション,リハビリ
回旋筋,筋肉
回旋筋腱板,筋肉
固縮,症状
国立障害者リハビリテーションセンター,リハビリ
国立障害者リハビリテーションセンター学院,リハビリ
国際看護師の日,看護
国際統合リハビリテーション協会,リハビリ
圧痛,症状
地域児童精神保健,看護
地域看護学,看護
坐骨,骨
坐骨神経痛,整形外科
埋没毛,症状
基礎看護学,看護
基節骨,骨
増殖性炎症,症状
声道,臓器
変形,症状
変形性股関節症,整形外科
変形性膝関節症,整形外科
変形性膝関節症,症状
変形性関節症,症状
変質性炎症,症状
夏バテ,症状
外側広筋,筋肉
外側楔状骨,骨
外側胸筋神経,神経
外側膝状体,神経
外傷,整形外科
外傷性頸部症候群,整形外科
外包,神経
外肋間筋,筋肉
外腹斜筋,筋肉
外閉鎖筋,筋肉
外鰓,臓器
多発性神経炎,症状
多瞳孔症,症状
多臓器不全,症状
多裂筋,筋肉
夜尿症,症状
夜間頻尿,症状
大内臓神経,神経
大内転筋,筋肉
大円筋,筋肉
大動脈裂孔,血管
大後頭直筋,筋肉
大理石骨病,整形外科
大田原症候群,症状
大胸筋,筋肉
大脳,神経
大脳基底核,神経
大脳新皮質,神経
大脳旧皮質,神経
大脳皮質,神経
大腰筋,筋肉
大腸憩室症,症状
大腿二頭筋,筋肉
大腿四頭筋,筋肉
大腿方形筋,筋肉
大腿直筋,筋肉
大腿筋,筋肉
大腿筋膜張筋,筋肉
大腿骨,骨
大臀筋,筋肉
大菱形筋,筋肉
大菱形骨,骨
大血管疾患,症状
大阪河﨑リハビリテーション大学,リハビリ
大静脈,血管
失外套症候群,症状
失神,症状
失見当識,症状
失語症,症状
失調,症状
奇形症候群,症状
奇静脈,血管
好塩基球増多,症状
妊娠性肝内胆汁うっ滞,症状
字性錯語,症状
家庭における実際的看護の秘訣,看護
寛骨,骨
寝たきり,症状
寝小便,症状
対麻痺,症状
封入体筋炎,筋肉
専門看護師,看護
小内転筋,筋肉
小円筋,筋肉
小後頭直筋,筋肉
小指伸筋,筋肉
小指外転筋,筋肉
小指対立筋,筋肉
小胸筋,筋肉
小脳,神経
小腰筋,筋肉
小膠細胞,神経
小臀筋,筋肉
小菱形筋,筋肉
小菱形骨,骨
小趾外転筋,筋肉
小趾対立筋,筋肉
尺側手根伸筋,筋肉
尺側手根屈筋,筋肉
尺骨,骨
尺骨神経,神経
尺骨茎状突起,骨
尾状核,神経
尾骨,骨
尾骨筋,筋肉
尿失禁,症状
尿細管性アシドーシス,症状
尿路結石,症状
尿道カテーテル,看護
尿道括約筋,筋肉
尿閉,症状
局所電流,神経
屈筋,筋肉
山形ロイヤル病院,リハビリ
岡田尊司,神経
島皮質,神経
川島隆太,神経
左上肢,部位
左下肢,部位
左脳,神経
左足背,部位
希死念慮,症状
希突起膠細胞,神経
平滑筋,筋肉
平行棒内歩行,リハビリ
幻肢,症状
幻肢,神経
幼児期健忘,症状
広背筋,筋肉
底側骨間筋,筋肉
廃人,症状
延髄,神経
弄便,症状
弓状束,神経
強膜炎,症状
強膜輪,骨
当事者研究,リハビリ
後仙尾筋,筋肉
後方引き出しテスト,検査
後期陽性電位,神経
後根神経節,神経
後縦靱帯骨化症,整形外科
後縦靱帯骨化症,症状
後脛骨筋,筋肉
後腸発酵,臓器
後頭下筋,筋肉
後頭葉,神経
後骨間神経,神経
徐脈,症状
徒手筋力テスト,検査
徒手筋力検査,筋肉
循環血液量減少性ショック,症状
心,神経
心不全,症状
心嚢水,症状
心室細動,症状
心室頻拍,症状
心房中隔欠損,症状
心筋,筋肉
心肺停止,症状
心臓麻痺,症状
心雑音,症状
心静止,症状
思考,神経
急性低音障害型感音難聴,症状
急性呼吸窮迫症候群,症状
急性腰痛症,整形外科
急性腹症,症状
急性陰嚢症,症状
急速破壊型股関節症,整形外科
性差の神経科学,神経
性腺機能発現,臓器
恥骨,骨
恥骨尾骨筋,筋肉
恥骨直腸筋,筋肉
恥骨筋,筋肉
患者の権利,看護
患者教育,リハビリ
患者教育,看護
悪液質,症状
意志,症状
意識のハード・プロブレム,神経
意識障害,症状
感情地図,神経
感染性関節炎,整形外科
感覚神経,神経
感覚過敏,症状
戴帽式,看護
房室ブロック,症状
房室結節回帰性頻拍,症状
扁桃体,神経
手元供養,骨
手掌おとがい反射,症状
手根管症候群,症状
手段的日常生活動作,リハビリ
手筋,筋肉
手綱核,神経
手足症候群,症状
手関節,部位
打ち身,整形外科
抑うつ,症状
折りたたみナイフ現象,神経
拘縮,症状
拮抗筋,筋肉
指骨,骨
振戦,症状
振戦せん妄,症状
捻挫,整形外科
掌側骨間筋,筋肉
排尿後尿滴下,症状
排尿恐怖,症状
排尿障害,症状
播種性血管内凝固症候群,症状
攣縮,症状
放散痛,症状
救急看護認定看護師,看護
散瞳,症状
整形外科学,リハビリ
整形外科学,整形外科
斜角筋症候群,整形外科
斜頭症,症状
斜頸,整形外科
斜頸,症状
新生児メレナ,症状
新生児呼吸窮迫症候群,症状
新生児黄疸,症状
新造語,症状
方向音痴,症状
方形回内筋,筋肉
日常生活動作,リハビリ
日常生活動作,看護
日本アレルギーリハビリテーション協会,リハビリ
日本リハビリテーション医学会,リハビリ
日本健康運動看護学会,看護
日本口腔リハビリテーション学会,リハビリ
日本整形外科学会,整形外科
日本消化吸収学会,臓器
日本産業看護学会,看護
日本看護系大学協議会,看護
日本看護系学会協議会,看護
日本私立看護系大学協会,看護
日本障害者リハビリテーション協会,リハビリ
日本骨代謝学会,骨
日本骨折治療学会,骨
日本骨粗鬆症学会,骨
早期再分極症候群,症状
早産,症状
明石謙,リハビリ
春山茂雄,神経
書痙,症状
書鰓と書肺,臓器
最外包,神経
最大筋力ストレス,筋肉
最長筋,筋肉
月状骨,骨
有痛性筋痙攣,症状
有鈎骨,骨
有頭骨,骨
末梢神経,神経
末梢神経系,神経
末梢静脈ライン,看護
末節骨,骨
本態性振戦,症状
松果体,神経
松果体,臓器
板状筋,筋肉
枝角,骨
柔毛,臓器
桿体細胞,神経
梁軟骨,骨
梨状筋,筋肉
棘上筋,筋肉
棘下筋,筋肉
棘筋,筋肉
棘肋筋,筋肉
棘背筋,筋肉
棘腕筋,筋肉
棘間筋,筋肉
森昭雄,神経
植毛,整形外科
植皮,整形外科
椎孔,骨
椎弓切除術,処置
椎間板,骨
椎間板ヘルニア,整形外科
椎骨,骨
構成障害,症状
槌骨,骨
横突棘筋,筋肉
横突間筋,筋肉
横行小管,筋肉
横隔神経,神経
横隔膜,筋肉
横隔膜,臓器
樹状突起,神経
樹状突起スパイン,神経
橈側手根屈筋,筋肉
橈骨,骨
橈骨神経,神経
橈骨骨幹部骨折および尺骨骨幹部骨折,整形外科
橋 (脳),神経
機能性胃腸症,症状
機能的自立度評価法,リハビリ
正中神経,神経
正常圧水頭症,症状
歩容解析,リハビリ
歩行障害,症状
歯車様強剛,症状
死にたい,症状
死ぬ瞬間,看護
死を待つ人々の家,看護
死戦期呼吸,症状
母指内転筋,筋肉
母指対立筋,筋肉
母指球筋,筋肉
母斑症,症状
母趾内転筋,筋肉
母趾外転筋,筋肉
毛細血管,血管
毛細血管抵抗試験,血管
気嚢,臓器
気管,臓器
気管内吸引,臓器
気管支循環系,血管
気腹症,症状
気道,臓器
気門,臓器
水胸,症状
汎血球減少,症状
汚言症,症状
泣きいりひきつけ,症状
洗骨,骨
洞角,骨
活動電位,神経
流涎,症状
流蝋骨症,整形外科
浅指屈筋,筋肉
浮腫,症状
消化,臓器
消化不良,症状
消化器,臓器
淡蒼球,神経
深会陰横筋,筋肉
深指屈筋,筋肉
深部腱反射,症状
深部腱反射,神経
清拭,看護
減圧症,症状
湘南慶育病院,リハビリ
湯あたり,症状
満月様顔貌,症状
溺水,症状
滑り説,筋肉
滑液,関節
滑膜肉腫,整形外科
滲出性炎症,症状
漿液性炎症,症状
潰瘍,症状
澤口俊之,神経
炎症,症状
炎症性ミオパチー,筋肉
点状出血,症状
点頭てんかん,症状
烏口腕筋,筋肉
烏口骨,骨
無嗅覚症,症状
無月経,症状
熱傷後瘢痕部掻痒感,症状
熱型,症状
熱性けいれん,症状
熱感,症状
片麻痺,症状
牙関緊急,症状
特異性炎症,症状
特発性ステロイド性骨壊死症,整形外科
特発性大腿骨頭壊死症,整形外科
猫背,整形外科
猿脳,神経
球節,関節
理学療法,リハビリ
環境強化,リハビリ
環椎,骨
生得説,神経
生理的欲求,神経
産科DIC,症状
田邉浩文,リハビリ
甲を着た古墳人,骨
甲状腺,臓器
甲状軟骨,骨
異常感覚,症状
異常肢位,症状
異所性膵,臓器
疲労,症状
疲労骨折,整形外科
疼痛,症状
疼痛評価,看護
病気不安症,症状
症状固定,リハビリ
痒み,症状
痙攣,症状
痙縮,症状
痰,症状
痺れ,症状
瘢痕,症状
瘢痕拘縮,症状
発育性股関節形成不全,整形外科
発赤,症状
白内障,症状
白血球増多,症状
白血球減少,症状
白骨化,骨
皮筋,筋肉
皮質拡大,神経
皮質症状,症状
皮骨板,骨
盲腸,臓器
直細動脈,血管
直腸,臓器
看護,看護
看護の日,看護
看護アセスメント,看護
看護介入,看護
看護倫理,看護
看護大学,看護
看護学,看護
看護学校,看護
看護学研究科,看護
看護学部,看護
看護専門学校,看護
看護師・患者の関係性,看護
看護理論,看護
看護研究,看護
看護計画,看護
看護診断,看護
看護評価,看護
看護週間,看護
看護過程,看護
眼球振盪,症状
眼球運動障害,症状
眼瞼下垂,症状
眼瞼痙攣,症状
眼窩前頭皮質,神経
眼窩部 (下前頭回),神経
知覚鈍麻,症状
短内転筋,筋肉
短小指屈筋,筋肉
短小趾屈筋,筋肉
短掌筋,筋肉
短橈側手根伸筋,筋肉
短母指伸筋,筋肉
短母指外転筋,筋肉
短母指屈筋,筋肉
短母趾伸筋,筋肉
短母趾屈筋,筋肉
短背筋,筋肉
短腓骨筋,筋肉
短趾伸筋,筋肉
短趾屈筋,筋肉
短頭症,症状
砂嚢,臓器
破骨細胞,骨
硬結,症状
示指伸筋,筋肉
神経,神経
神経ブロック,神経
神経伝達物質,神経
神経原説,神経
神経回路形成,神経
神経因性消化管障害,臓器
神経学,神経
神経核,神経
神経毒,神経
神経痛,整形外科
神経発生,神経
神経科学,神経
神経管,神経
神経節,神経
神経繊維,神経
神経食現象,神経
福祉レクリエーション,リハビリ
秋バテ,症状
移乗動作,リハビリ
種子骨,骨
空気椅子,リハビリ
空間識失調,症状
突き指,整形外科
窒息,症状
立ちくらみ,症状
立方骨,骨
立毛筋,筋肉
笑い発作,症状
第三腓骨筋,筋肉
第三頸椎,骨
第四転子,骨
筋力低下,症状
筋原説,筋肉
筋断裂,整形外科
筋断裂,筋肉
筋皮神経,神経
筋紡錘,筋肉
筋緊張,症状
筋肉,筋肉
筋肉痛,筋肉
筋膜,神経
筋萎縮,症状
築山節,神経
籠細胞,神経
米国看護師ビザ手続きの停滞,看護
米食低脳論,神経
精巣,臓器
紅皮症,症状
納骨,骨
素嚢,臓器
細動脈,血管
細菌尿,症状
細静脈,血管
経皮的レーザー椎間板減圧術,整形外科
経皮的末梢神経電気刺激,リハビリ
経皮的椎体形成術,整形外科
経頭蓋磁気刺激法,神経
経鼻胃管,看護
結節,症状
結節性筋膜炎,整形外科
結腸,臓器
絶壁頭,症状
網膜神経節細胞,神経
総指伸筋,筋肉
総胆管,臓器
緘黙,症状
線条体,神経
縫工筋,筋肉
縮瞳,症状
繊維素性炎症,症状
羞明,症状
義肢装具士,リハビリ
義肢装具学,リハビリ
翼口蓋神経節,神経
老人看護,看護
耳鳴り,症状
聴覚過敏,症状
肉芽腫性炎症,症状
肉離れ,症状
肉離れ,筋肉
肋下筋,筋肉
肋間神経痛,整形外科
肋骨,骨
肋骨挙筋,筋肉
肋骨骨折,整形外科
肘内障,整形外科
肘筋,筋肉
肘関節,部位
肛門,臓器
肝不全,症状
肝性脳症,症状
股関節,部位
股関節インピンジメント,整形外科
肢帯,骨
肥大性肺性骨関節症,整形外科
肥満,症状
肩こり,整形外科
肩こり,症状
肩峰,骨
肩帯,骨
肩甲下筋,筋肉
肩甲挙筋,筋肉
肩甲背神経,神経
肩甲骨,骨
肩関節,部位
肩関節唇,整形外科
肺,臓器
肺循環,臓器
肺水腫,症状
肺胞,臓器
肺静脈,血管
胃,臓器
胃もたれ,症状
胃水管腔,臓器
胃腸出血,症状
胆嚢,臓器
胆嚢管,臓器
胆管,臓器
背側皮質視覚路,神経
背側骨間筋,筋肉
背外側前頭前野,神経
背心骨,骨
胞巣状軟部肉腫,整形外科
胸半棘筋,筋肉
胸回旋筋,筋肉
胸壁筋,筋肉
胸多裂筋,筋肉
胸最長筋,筋肉
胸棘筋,筋肉
胸棘間筋,筋肉
胸椎,部位
胸横突間筋,筋肉
胸横筋,筋肉
胸水,症状
胸背神経,神経
胸腕筋,筋肉
胸腸肋筋,筋肉
胸膜,臓器
胸膜炎,症状
胸郭出口症候群,整形外科
胸骨,骨
胸骨筋,筋肉
脊柱起立筋,筋肉
脊椎,骨
脊椎固定術,処置
脊髄,神経
脊髄ショック,症状
脊髄性筋萎縮症,症状
脊髄損傷,整形外科
脊髄磁場計測装置,神経
脊髄神経,神経
脊髄神経前枝,神経
脊髄神経後枝,神経
脚橋被蓋核,神経
脛足根骨,骨
脛骨,骨
脱水 (医療),症状
脳,神経
脳 (食用),神経
脳の10パーセント神話,神経
脳下垂体,神経
脳下垂体,臓器
脳下垂体前葉,臓器
脳下垂体後葉,臓器
脳内汚染,神経
脳内麻薬,神経
脳函,神経
脳函,骨
脳化指数,神経
脳回,神経
脳室周囲器官,神経
脳工学,神経
脳幹,神経
脳梁,神経
脳梁離断術,神経
脳機能イメージング,神経
脳機能マッピング,神経
脳機能局在論,神経
脳波,神経
脳浮腫,症状
脳溝,神経
脳磁図,神経
脳神経,神経
脳科学,神経
脳腸相関,神経
脳腸相関,臓器
脳葉,神経
脾静脈,血管
腋窩神経,神経
腎不全,症状
腎静脈,血管
腐敗性炎症,症状
腓腹筋,筋肉
腓骨,骨
腓骨筋,筋肉
腕橈骨筋,筋肉
腕神経叢,神経
腫れ,症状
腫瘤,症状
腫脹,症状
腰内側横突間筋,筋肉
腰回旋筋,筋肉
腰外側横突間筋,筋肉
腰多裂筋,筋肉
腰帯,骨
腰方形筋,筋肉
腰棘間筋,筋肉
腰椎,部位
腰椎症,整形外科
腰痛,整形外科
腰腸肋筋,筋肉
腰部脊柱管狭窄症,整形外科
腱板,筋肉
腱板修復術,処置
腱鞘巨細胞腫,整形外科
腱鞘線維腫,整形外科
腸,臓器
腸内細菌,臓器
腸呼吸,臓器
腸管上皮,臓器
腸粘膜,臓器
腸肋筋,筋肉
腸肝循環,臓器
腸腰筋,筋肉
腸骨,骨
腸骨尾骨筋,筋肉
腸骨筋,筋肉
腹側皮質視覚路,神経
腹側被蓋野,神経
腹側視床,神経
腹内側前頭前野,神経
腹斜筋,筋肉
腹横筋,筋肉
腹水,症状
腹直筋,筋肉
腹筋 (解剖学),筋肉
腹肋,骨
腹腔内出血,症状
腹膜刺激症状,症状
膀胱括約筋,筋肉
膀胱排尿筋,筋肉
膀胱直腸障害,整形外科
膀胱直腸障害,症状
膝神経節,神経
膝窩筋,筋肉
膝蓋前滑液包炎,整形外科
膝蓋骨,骨
膝蓋骨骨折,整形外科
膝関節,部位
膝関節筋,筋肉
膵管,臓器
膵臓,臓器
膿性カタル,症状
膿瘍,症状
膿胸,症状
臀筋,筋肉
臍帯静脈,血管
自傷行為,症状
自律神経節,神経
自律神経系,神経
自覚症状,症状
臭鼻症,症状
舌咽神経痛,整形外科
舌骨,骨
舟状骨,骨
色素性絨毛結節性滑膜炎,整形外科
色質融解,神経
苫米地英人,神経
荷重制限,リハビリ
菱形筋,筋肉
菱脳,神経
蓄膿症,症状
薄筋,筋肉
虚血,症状
虫様筋,筋肉
虹彩異色症,症状
虹彩離断,症状
血便,症状
血尿,症状
血液脳関門,神経
血管,血管
血管中膜,血管
血管内皮,血管
血管収縮,血管
血管炎症候群,血管
血管系,血管
血管雑音,症状
血管雑音,血管
血胸,症状
血腫,症状
血色素尿症,症状
行動障害,症状
衝動性,症状
衝心性脚気,症状
表情筋,筋肉
被殻,神経
被角血管腫,血管
装具療法,整形外科
複視,症状
褥瘡,看護
視交叉上核,神経
視床,神経
視床下核,神経
視床下部,神経
視床下部,臓器
視床室傍核,神経
視空間認知障害,症状
視能訓練士,リハビリ
視野障害,症状
観血的整復固定術,処置
観血的療法,整形外科
言語聴覚士,リハビリ
言語聴覚療法,リハビリ
計算論的神経科学,神経
訪問リハビリテーション,リハビリ
診療看護師,看護
認知症,症状
語性錯語,症状
誤嚥,臓器
豆状骨,骨
貧乏揺すり,症状
貧血,症状
起居動作,リハビリ
足底,部位
足底方形筋,筋肉
足底筋,筋肉
足根中足骨,骨
足筋,筋肉
足背,部位
足関節,部位
跛行,症状
距骨,骨
跳躍伝導,神経
踵骨,骨
蹄骨,骨
軟骨,骨
軟骨膜,骨
軟骨質,骨
軸椎,骨
軸索小丘,神経
軸索誘導,神経
輸出細動脈,血管
近視,症状
連合線維,神経
遂行機能障害,症状
遅発性ジスキネジア,症状
遅発性筋肉痛,筋肉
遊びリテーション,リハビリ
運動ニューロン,神経
運動神経,神経
運動障害,症状
過敏性腸症候群,症状
過敏症,症状
過活動膀胱,症状
過食,症状
過食嘔吐,症状
遠位型ミオパチー,筋肉
遠位尿細管性アシドーシス,症状
遠視,症状
遺骨,骨
部分荷重,リハビリ
酒皶,症状
酔っ払い,症状
重迫病,整形外科
鉛管様強剛,症状
鉤状束,神経
鋸筋,筋肉
錐体筋,筋肉
錐体細胞,神経
錐体細胞 (神経細胞),神経
鎖骨,骨
鎖骨下筋,筋肉
鎖骨下静脈,血管
鎖骨骨折,整形外科
鐙骨,骨
長内転筋,筋肉
長掌筋,筋肉
長橈側手根伸筋,筋肉
長母指伸筋,筋肉
長母指外転筋,筋肉
長母指屈筋,筋肉
長母趾伸筋,筋肉
長母趾屈筋,筋肉
長背筋,筋肉
長胸神経,神経
長腓骨筋,筋肉
長趾伸筋,筋肉
長趾屈筋,筋肉
長頭症,症状
長骨,骨
門脈,血管
閃輝暗点,症状
閉鎖孔ヘルニア,症状
間欠跛行,症状
間脳,神経
間隔反復,リハビリ
関節,関節
関節包,関節
関節可動域,関節
関節可動域測定,検査
関節拘縮,症状
関節水腫,症状
関節炎,整形外科
関節症,症状
関節鏡,処置
関節鏡,関節
阻血性骨壊死,骨
除脳硬直,症状
陰嚢腫大,症状
陰茎骨,骨
陰部潰瘍,症状
陰部神経刺鍼法,神経
随意筋,筋肉
集中ケア認定看護師,看護
離断性骨軟骨炎,整形外科
離断性骨軟骨炎,症状
離断性骨軟骨炎,関節
電気療法,リハビリ
電流知覚閾値検査装置,神経
青斑核,神経
静脈,血管
静脈弁,血管
静脈注射,血管
静脈炎,血管
静脈管,血管
静脈血,血管
非セリアック・グルテン過敏症,症状
靭帯損傷,整形外科
靱帯再建術,処置
音の二次元知覚モデル,神経
音楽療法,リハビリ
音韻性錯語,症状
頚性神経筋症候群,症状
頚椎症,整形外科
頚神経叢,神経
頭半棘筋,筋肉
頭最長筋,筋肉
頭板状筋,筋肉
頭棘筋,筋肉
頭蓋骨縫合早期癒合症,症状
頭部神経痛,整形外科
頭頂葉,神経
頸前横突間筋,筋肉
頸半棘筋,筋肉
頸回旋筋,筋肉
頸多裂筋,筋肉
頸後横突間筋,筋肉
頸最長筋,筋肉
頸板状筋,筋肉
頸棘筋,筋肉
頸棘間筋,筋肉
頸椎,部位
頸肩腕症候群,整形外科
頸腸肋筋,筋肉
頸髄,神経
頸髄損傷,整形外科
頻尿,症状
頻脈,症状
顆粒細胞,神経
顕微鏡的多発血管炎,血管
類骨,骨
類鼾音,症状
風邪,症状
飛節,関節
飛蚊症,症状
食道,臓器
食道発声,リハビリ
食道腺,臓器
飢え,症状
骨,骨
骨ページェット病,整形外科
骨ページェット病,骨
骨代謝マーカー,骨
骨化,骨
骨密度,骨
骨幹,骨
骨形成不全症,整形外科
骨抜き,骨
骨格,骨
骨格筋,筋肉
骨棘,症状
骨棘,関節
骨灰,骨
骨炭,骨
骨盤,骨
骨盤底,筋肉
骨盤底筋,筋肉
骨粗鬆症,整形外科
骨粗鬆症,骨
骨細胞,骨
骨肉腫,整形外科
骨腫瘍,整形外科
骨膜反応,骨
骨膜炎,整形外科
骨角器,骨
骨軟骨腫,整形外科
骨間膜,骨
骨髄,臓器
骨髄,骨
骸骨,骨
髄腔,骨
髄膜,神経
髄膜刺激症状,症状
髄鞘,神経
髄鞘切痕,神経
髑髏と骨,骨
高カルシウム血症,症状
高次脳機能障害,症状
高血圧,症状
鯛の鯛,骨
鯨骨,骨
鳥肌胃炎,症状
麻痺,症状
黄疸,症状
黄色靭帯骨化症,整形外科
黒質,神経
鼠径ヘルニア,症状
鼻,臓器
鼻孔,臓器
鼻水,症状
鼻甲介,臓器
鼻腔,臓器
鼻血,症状
鼻詰まり,症状
